"rxnID"	"metNames"	"Class"
"rxnAGORA618"	"cardiolipin (tetraoctadecanoyl, n-C18:0)"	"Fatty acid"
"rxnAGORA619"	"cardiolipin (14-methyl-hexadecanoyl, anteiso-C17)"	"Fatty acid"
"rxnAGORA620"	"cardiolipin (15-methyl-hexadecanoyl, iso-C17)"	"Fatty acid"
"rxnAGORA621"	"4,5-dihydroxy-2,3-pentanedione"	"Others"
"rxnAGORA853"	"4-Aminobutanoate"	"Others"
"rxnAGORA854"	"mucin-type O-glycan No 10"	"Mucins"
"rxnAGORA855"	"mucin-type O-glycan No 100"	"Mucins"
"rxnAGORA856"	"released mucin-type O-glycan No 100"	"Mucins"
"rxnAGORA857"	"mucin-type O-glycan No 101"	"Mucins"
"rxnAGORA858"	"released mucin-type O-glycan No 101"	"Mucins"
"rxnAGORA859"	"mucin-type O-glycan No 102"	"Mucins"
"rxnAGORA860"	"released mucin-type O-glycan No 102"	"Mucins"
"rxnAGORA861"	"mucin-type O-glycan No 103"	"Mucins"
"rxnAGORA862"	"released mucin-type O-glycan No 103"	"Mucins"
"rxnAGORA863"	"mucin-type O-glycan No 104"	"Mucins"
"rxnAGORA864"	"released mucin-type O-glycan No 104"	"Mucins"
"rxnAGORA865"	"mucin-type O-glycan No 105"	"Mucins"
"rxnAGORA866"	"released mucin-type O-glycan No 105"	"Mucins"
"rxnAGORA867"	"mucin-type O-glycan No 106"	"Mucins"
"rxnAGORA868"	"released mucin-type O-glycan No 106"	"Mucins"
"rxnAGORA869"	"mucin-type O-glycan No 107"	"Mucins"
"rxnAGORA870"	"released mucin-type O-glycan No 107"	"Mucins"
"rxnAGORA871"	"mucin-type O-glycan No 108"	"Mucins"
"rxnAGORA872"	"released mucin-type O-glycan No 108"	"Mucins"
"rxnAGORA873"	"mucin-type O-glycan No 109"	"Mucins"
"rxnAGORA874"	"released mucin-type O-glycan No 109"	"Mucins"
"rxnAGORA875"	"released mucin-type O-glycan No 10"	"Mucins"
"rxnAGORA876"	"mucin-type O-glycan No 110"	"Mucins"
"rxnAGORA877"	"released mucin-type O-glycan No 110"	"Mucins"
"rxnAGORA878"	"mucin-type O-glycan No 111"	"Mucins"
"rxnAGORA879"	"released mucin-type O-glycan No 111"	"Mucins"
"rxnAGORA880"	"mucin-type O-glycan No 112"	"Mucins"
"rxnAGORA881"	"released mucin-type O-glycan No 112"	"Mucins"
"rxnAGORA882"	"mucin-type O-glycan No 113"	"Mucins"
"rxnAGORA883"	"released mucin-type O-glycan No 113"	"Mucins"
"rxnAGORA884"	"mucin-type O-glycan No 114"	"Mucins"
"rxnAGORA885"	"released mucin-type O-glycan No 114"	"Mucins"
"rxnAGORA886"	"mucin-type O-glycan No 115"	"Mucins"
"rxnAGORA887"	"released mucin-type O-glycan No 115"	"Mucins"
"rxnAGORA888"	"mucin-type O-glycan No 116"	"Mucins"
"rxnAGORA889"	"released mucin-type O-glycan No 116"	"Mucins"
"rxnAGORA890"	"mucin-type O-glycan No 117"	"Mucins"
"rxnAGORA891"	"released mucin-type O-glycan No 117"	"Mucins"
"rxnAGORA892"	"mucin-type O-glycan No 118"	"Mucins"
"rxnAGORA893"	"released mucin-type O-glycan No 118"	"Mucins"
"rxnAGORA894"	"mucin-type O-glycan No 119"	"Mucins"
"rxnAGORA895"	"released mucin-type O-glycan No 119"	"Mucins"
"rxnAGORA896"	"mucin-type O-glycan No 12"	"Mucins"
"rxnAGORA897"	"mucin-type O-glycan No 120"	"Mucins"
"rxnAGORA898"	"released mucin-type O-glycan No 120"	"Mucins"
"rxnAGORA899"	"mucin-type O-glycan No 121"	"Mucins"
"rxnAGORA900"	"released mucin-type O-glycan No 121"	"Mucins"
"rxnAGORA901"	"mucin-type O-glycan No 122"	"Mucins"
"rxnAGORA902"	"released mucin-type O-glycan No 122"	"Mucins"
"rxnAGORA903"	"mucin-type O-glycan No 123"	"Mucins"
"rxnAGORA904"	"released mucin-type O-glycan No 123"	"Mucins"
"rxnAGORA905"	"mucin-type O-glycan No 124"	"Mucins"
"rxnAGORA906"	"released mucin-type O-glycan No 124"	"Mucins"
"rxnAGORA907"	"mucin-type O-glycan No 126"	"Mucins"
"rxnAGORA908"	"released mucin-type O-glycan No 126"	"Mucins"
"rxnAGORA909"	"mucin-type O-glycan No 127"	"Mucins"
"rxnAGORA910"	"released mucin-type O-glycan No 127"	"Mucins"
"rxnAGORA911"	"mucin-type O-glycan No 128"	"Mucins"
"rxnAGORA912"	"released mucin-type O-glycan No 128"	"Mucins"
"rxnAGORA913"	"mucin-type O-glycan No 129"	"Mucins"
"rxnAGORA914"	"released mucin-type O-glycan No 129"	"Mucins"
"rxnAGORA915"	"released mucin-type O-glycan No 12"	"Mucins"
"rxnAGORA916"	"mucin-type O-glycan No 13"	"Mucins"
"rxnAGORA917"	"mucin-type O-glycan No 130"	"Mucins"
"rxnAGORA918"	"released mucin-type O-glycan No 130"	"Mucins"
"rxnAGORA919"	"mucin-type O-glycan No 131"	"Mucins"
"rxnAGORA920"	"released mucin-type O-glycan No 131"	"Mucins"
"rxnAGORA921"	"mucin-type O-glycan No 132"	"Mucins"
"rxnAGORA922"	"released mucin-type O-glycan No 132"	"Mucins"
"rxnAGORA923"	"mucin-type O-glycan No 133"	"Mucins"
"rxnAGORA924"	"released mucin-type O-glycan No 133"	"Mucins"
"rxnAGORA925"	"mucin-type O-glycan No 134"	"Mucins"
"rxnAGORA926"	"released mucin-type O-glycan No 134"	"Mucins"
"rxnAGORA927"	"mucin-type O-glycan No 135"	"Mucins"
"rxnAGORA928"	"released mucin-type O-glycan No 135"	"Mucins"
"rxnAGORA929"	"mucin-type O-glycan No 136"	"Mucins"
"rxnAGORA930"	"released mucin-type O-glycan No 136"	"Mucins"
"rxnAGORA931"	"mucin-type O-glycan No 137"	"Mucins"
"rxnAGORA932"	"released mucin-type O-glycan No 137"	"Mucins"
"rxnAGORA933"	"mucin-type O-glycan No 138"	"Mucins"
"rxnAGORA934"	"released mucin-type O-glycan No 138"	"Mucins"
"rxnAGORA935"	"mucin-type O-glycan No 139"	"Mucins"
"rxnAGORA936"	"released mucin-type O-glycan No 139"	"Mucins"
"rxnAGORA937"	"released mucin-type O-glycan No 13"	"Mucins"
"rxnAGORA938"	"mucin-type O-glycan No 14"	"Mucins"
"rxnAGORA939"	"mucin-type O-glycan No 140"	"Mucins"
"rxnAGORA940"	"released mucin-type O-glycan No 140"	"Mucins"
"rxnAGORA941"	"mucin-type O-glycan No 141"	"Mucins"
"rxnAGORA942"	"released mucin-type O-glycan No 141"	"Mucins"
"rxnAGORA943"	"mucin-type O-glycan No 142"	"Mucins"
"rxnAGORA944"	"released mucin-type O-glycan No 142"	"Mucins"
"rxnAGORA945"	"mucin-type O-glycan No 143"	"Mucins"
"rxnAGORA946"	"released mucin-type O-glycan No 143"	"Mucins"
"rxnAGORA947"	"mucin-type O-glycan No 144"	"Mucins"
"rxnAGORA948"	"released mucin-type O-glycan No 144"	"Mucins"
"rxnAGORA949"	"mucin-type O-glycan No 145"	"Mucins"
"rxnAGORA950"	"released mucin-type O-glycan No 145"	"Mucins"
"rxnAGORA951"	"mucin-type O-glycan No 146"	"Mucins"
"rxnAGORA952"	"released mucin-type O-glycan No 146"	"Mucins"
"rxnAGORA953"	"mucin-type O-glycan No 147"	"Mucins"
"rxnAGORA954"	"released mucin-type O-glycan No 147"	"Mucins"
"rxnAGORA955"	"mucin-type O-glycan No 148"	"Mucins"
"rxnAGORA956"	"released mucin-type O-glycan No 148"	"Mucins"
"rxnAGORA957"	"mucin-type O-glycan No 149"	"Mucins"
"rxnAGORA958"	"released mucin-type O-glycan No 149"	"Mucins"
"rxnAGORA959"	"released mucin-type O-glycan No 14"	"Mucins"
"rxnAGORA960"	"mucin-type O-glycan No 15"	"Mucins"
"rxnAGORA961"	"mucin-type O-glycan No 150"	"Mucins"
"rxnAGORA962"	"released mucin-type O-glycan No 150"	"Mucins"
"rxnAGORA963"	"mucin-type O-glycan No 151"	"Mucins"
"rxnAGORA964"	"released mucin-type O-glycan No 151"	"Mucins"
"rxnAGORA965"	"mucin-type O-glycan No 152"	"Mucins"
"rxnAGORA966"	"released mucin-type O-glycan No 152"	"Mucins"
"rxnAGORA967"	"mucin-type O-glycan No 153"	"Mucins"
"rxnAGORA968"	"released mucin-type O-glycan No 153"	"Mucins"
"rxnAGORA969"	"mucin-type O-glycan No 154"	"Mucins"
"rxnAGORA970"	"released mucin-type O-glycan No 154"	"Mucins"
"rxnAGORA971"	"mucin-type O-glycan No 155"	"Mucins"
"rxnAGORA972"	"released mucin-type O-glycan No 155"	"Mucins"
"rxnAGORA973"	"mucin-type O-glycan No 156"	"Mucins"
"rxnAGORA974"	"released mucin-type O-glycan No 156"	"Mucins"
"rxnAGORA975"	"mucin-type O-glycan No 157"	"Mucins"
"rxnAGORA976"	"released mucin-type O-glycan No 157"	"Mucins"
"rxnAGORA977"	"mucin-type O-glycan No 158"	"Mucins"
"rxnAGORA978"	"released mucin-type O-glycan No 158"	"Mucins"
"rxnAGORA979"	"mucin-type O-glycan No 159"	"Mucins"
"rxnAGORA980"	"released mucin-type O-glycan No 159"	"Mucins"
"rxnAGORA981"	"released mucin-type O-glycan No 15"	"Mucins"
"rxnAGORA982"	"mucin-type O-glycan No 16"	"Mucins"
"rxnAGORA983"	"mucin-type O-glycan No 160"	"Mucins"
"rxnAGORA984"	"released mucin-type O-glycan No 160"	"Mucins"
"rxnAGORA985"	"mucin-type O-glycan No 161"	"Mucins"
"rxnAGORA986"	"released mucin-type O-glycan No 161"	"Mucins"
"rxnAGORA987"	"mucin-type O-glycan No 162"	"Mucins"
"rxnAGORA988"	"released mucin-type O-glycan No 162"	"Mucins"
"rxnAGORA989"	"mucin-type O-glycan No 163"	"Mucins"
"rxnAGORA990"	"released mucin-type O-glycan No 163"	"Mucins"
"rxnAGORA991"	"mucin-type O-glycan No 164"	"Mucins"
"rxnAGORA992"	"released mucin-type O-glycan No 164"	"Mucins"
"rxnAGORA993"	"mucin-type O-glycan No 165"	"Mucins"
"rxnAGORA994"	"released mucin-type O-glycan No 165"	"Mucins"
"rxnAGORA995"	"mucin-type O-glycan No 166"	"Mucins"
"rxnAGORA996"	"released mucin-type O-glycan No 166"	"Mucins"
"rxnAGORA997"	"mucin-type O-glycan No 167"	"Mucins"
"rxnAGORA998"	"released mucin-type O-glycan No 167"	"Mucins"
"rxnAGORA999"	"mucin-type O-glycan No 168"	"Mucins"
"rxnAGORA1000"	"released mucin-type O-glycan No 168"	"Mucins"
"rxnAGORA1001"	"mucin-type O-glycan No 169"	"Mucins"
"rxnAGORA1002"	"released mucin-type O-glycan No 169"	"Mucins"
"rxnAGORA1003"	"released mucin-type O-glycan No 16"	"Mucins"
"rxnAGORA1004"	"mucin-type O-glycan No 17"	"Mucins"
"rxnAGORA1005"	"mucin-type O-glycan No 170"	"Mucins"
"rxnAGORA1006"	"released mucin-type O-glycan No 170"	"Mucins"
"rxnAGORA1007"	"mucin-type O-glycan No 171"	"Mucins"
"rxnAGORA1008"	"released mucin-type O-glycan No 171"	"Mucins"
"rxnAGORA1009"	"mucin-type O-glycan No 172"	"Mucins"
"rxnAGORA1010"	"released mucin-type O-glycan No 172"	"Mucins"
"rxnAGORA1011"	"mucin-type O-glycan No 173"	"Mucins"
"rxnAGORA1012"	"released mucin-type O-glycan No 173"	"Mucins"
"rxnAGORA1013"	"mucin-type O-glycan No 174"	"Mucins"
"rxnAGORA1014"	"released mucin-type O-glycan No 174"	"Mucins"
"rxnAGORA1015"	"mucin-type O-glycan No 175"	"Mucins"
"rxnAGORA1016"	"released mucin-type O-glycan No 175"	"Mucins"
"rxnAGORA1017"	"mucin-type O-glycan No 176"	"Mucins"
"rxnAGORA1018"	"released mucin-type O-glycan No 176"	"Mucins"
"rxnAGORA1019"	"mucin-type O-glycan No 177"	"Mucins"
"rxnAGORA1020"	"released mucin-type O-glycan No 177"	"Mucins"
"rxnAGORA1021"	"mucin-type O-glycan No 178"	"Mucins"
"rxnAGORA1022"	"released mucin-type O-glycan No 178"	"Mucins"
"rxnAGORA1023"	"mucin-type O-glycan No 179"	"Mucins"
"rxnAGORA1024"	"released mucin-type O-glycan No 179"	"Mucins"
"rxnAGORA1025"	"released mucin-type O-glycan No 17"	"Mucins"
"rxnAGORA1026"	"mucin-type O-glycan No 18"	"Mucins"
"rxnAGORA1027"	"mucin-type O-glycan No 180"	"Mucins"
"rxnAGORA1028"	"released mucin-type O-glycan No 180"	"Mucins"
"rxnAGORA1029"	"mucin-type O-glycan No 181"	"Mucins"
"rxnAGORA1030"	"released mucin-type O-glycan No 181"	"Mucins"
"rxnAGORA1031"	"mucin-type O-glycan No 182"	"Mucins"
"rxnAGORA1032"	"released mucin-type O-glycan No 182"	"Mucins"
"rxnAGORA1033"	"mucin-type O-glycan No 183"	"Mucins"
"rxnAGORA1034"	"released mucin-type O-glycan No 183"	"Mucins"
"rxnAGORA1035"	"mucin-type O-glycan No 185"	"Mucins"
"rxnAGORA1036"	"released mucin-type O-glycan No 185"	"Mucins"
"rxnAGORA1037"	"mucin-type O-glycan No 186"	"Mucins"
"rxnAGORA1038"	"released mucin-type O-glycan No 186"	"Mucins"
"rxnAGORA1039"	"mucin-type O-glycan No 187"	"Mucins"
"rxnAGORA1040"	"released mucin-type O-glycan No 187"	"Mucins"
"rxnAGORA1041"	"mucin-type O-glycan No 188"	"Mucins"
"rxnAGORA1042"	"released mucin-type O-glycan No 188"	"Mucins"
"rxnAGORA1043"	"mucin-type O-glycan No 189"	"Mucins"
"rxnAGORA1044"	"released mucin-type O-glycan No 189"	"Mucins"
"rxnAGORA1045"	"released mucin-type O-glycan No 18"	"Mucins"
"rxnAGORA1046"	"mucin-type O-glycan No 19"	"Mucins"
"rxnAGORA1047"	"mucin-type O-glycan No 190"	"Mucins"
"rxnAGORA1048"	"released mucin-type O-glycan No 190"	"Mucins"
"rxnAGORA1049"	"mucin-type O-glycan No 191"	"Mucins"
"rxnAGORA1050"	"released mucin-type O-glycan No 191"	"Mucins"
"rxnAGORA1051"	"mucin-type O-glycan No 192"	"Mucins"
"rxnAGORA1052"	"released mucin-type O-glycan No 192"	"Mucins"
"rxnAGORA1053"	"mucin-type O-glycan No 193"	"Mucins"
"rxnAGORA1054"	"released mucin-type O-glycan No 193"	"Mucins"
"rxnAGORA1055"	"mucin-type O-glycan No 194"	"Mucins"
"rxnAGORA1056"	"released mucin-type O-glycan No 194"	"Mucins"
"rxnAGORA1057"	"mucin-type O-glycan No 195"	"Mucins"
"rxnAGORA1058"	"released mucin-type O-glycan No 195"	"Mucins"
"rxnAGORA1059"	"mucin-type O-glycan No 196"	"Mucins"
"rxnAGORA1060"	"released mucin-type O-glycan No 196"	"Mucins"
"rxnAGORA1061"	"released mucin-type O-glycan No 19"	"Mucins"
"rxnAGORA1062"	"mucin-type O-glycan No 2"	"Mucins"
"rxnAGORA1063"	"mucin-type O-glycan No 20"	"Mucins"
"rxnAGORA1064"	"released mucin-type O-glycan No 20"	"Mucins"
"rxnAGORA1065"	"mucin-type O-glycan No 21"	"Mucins"
"rxnAGORA1066"	"released mucin-type O-glycan No 21"	"Mucins"
"rxnAGORA1067"	"mucin-type O-glycan No 22"	"Mucins"
"rxnAGORA1068"	"released mucin-type O-glycan No 22"	"Mucins"
"rxnAGORA1069"	"mucin-type O-glycan No 23"	"Mucins"
"rxnAGORA1070"	"released mucin-type O-glycan No 23"	"Mucins"
"rxnAGORA1071"	"mucin-type O-glycan No 24"	"Mucins"
"rxnAGORA1072"	"released mucin-type O-glycan No 24"	"Mucins"
"rxnAGORA1073"	"mucin-type O-glycan No 25"	"Mucins"
"rxnAGORA1074"	"released mucin-type O-glycan No 25"	"Mucins"
"rxnAGORA1075"	"mucin-type O-glycan No 26"	"Mucins"
"rxnAGORA1076"	"released mucin-type O-glycan No 26"	"Mucins"
"rxnAGORA1077"	"mucin-type O-glycan No 27"	"Mucins"
"rxnAGORA1078"	"released mucin-type O-glycan No 27"	"Mucins"
"rxnAGORA1079"	"mucin-type O-glycan No 28"	"Mucins"
"rxnAGORA1080"	"released mucin-type O-glycan No 28"	"Mucins"
"rxnAGORA1081"	"mucin-type O-glycan No 29"	"Mucins"
"rxnAGORA1082"	"released mucin-type O-glycan No 29"	"Mucins"
"rxnAGORA1083"	"released mucin-type O-glycan No 2"	"Mucins"
"rxnAGORA1084"	"mucin-type O-glycan No 3"	"Mucins"
"rxnAGORA1085"	"mucin-type O-glycan No 30"	"Mucins"
"rxnAGORA1086"	"released mucin-type O-glycan No 30"	"Mucins"
"rxnAGORA1087"	"mucin-type O-glycan No 31"	"Mucins"
"rxnAGORA1088"	"released mucin-type O-glycan No 31"	"Mucins"
"rxnAGORA1089"	"mucin-type O-glycan No 32"	"Mucins"
"rxnAGORA1090"	"released mucin-type O-glycan No 32"	"Mucins"
"rxnAGORA1091"	"mucin-type O-glycan No 33"	"Mucins"
"rxnAGORA1092"	"released mucin-type O-glycan No 33"	"Mucins"
"rxnAGORA1093"	"mucin-type O-glycan No 34"	"Mucins"
"rxnAGORA1094"	"released mucin-type O-glycan No 34"	"Mucins"
"rxnAGORA1095"	"mucin-type O-glycan No 35"	"Mucins"
"rxnAGORA1096"	"released mucin-type O-glycan No 35"	"Mucins"
"rxnAGORA1097"	"mucin-type O-glycan No 36"	"Mucins"
"rxnAGORA1098"	"released mucin-type O-glycan No 36"	"Mucins"
"rxnAGORA1099"	"mucin-type O-glycan No 37"	"Mucins"
"rxnAGORA1100"	"released mucin-type O-glycan No 37"	"Mucins"
"rxnAGORA1101"	"mucin-type O-glycan No 38"	"Mucins"
"rxnAGORA1102"	"released mucin-type O-glycan No 38"	"Mucins"
"rxnAGORA1103"	"mucin-type O-glycan No 39"	"Mucins"
"rxnAGORA1104"	"released mucin-type O-glycan No 39"	"Mucins"
"rxnAGORA1105"	"released mucin-type O-glycan No 3"	"Mucins"
"rxnAGORA1106"	"mucin-type O-glycan No 4"	"Mucins"
"rxnAGORA1107"	"mucin-type O-glycan No 40"	"Mucins"
"rxnAGORA1108"	"released mucin-type O-glycan No 40"	"Mucins"
"rxnAGORA1109"	"mucin-type O-glycan No 41"	"Mucins"
"rxnAGORA1110"	"released mucin-type O-glycan No 41"	"Mucins"
"rxnAGORA1111"	"mucin-type O-glycan No 42"	"Mucins"
"rxnAGORA1112"	"released mucin-type O-glycan No 42"	"Mucins"
"rxnAGORA1113"	"mucin-type O-glycan No 45"	"Mucins"
"rxnAGORA1114"	"released mucin-type O-glycan No 45"	"Mucins"
"rxnAGORA1115"	"mucin-type O-glycan No 46"	"Mucins"
"rxnAGORA1116"	"released mucin-type O-glycan No 46"	"Mucins"
"rxnAGORA1117"	"mucin-type O-glycan No 47"	"Mucins"
"rxnAGORA1118"	"released mucin-type O-glycan No 47"	"Mucins"
"rxnAGORA1119"	"mucin-type O-glycan No 48"	"Mucins"
"rxnAGORA1120"	"released mucin-type O-glycan No 48"	"Mucins"
"rxnAGORA1121"	"released mucin-type O-glycan No 4"	"Mucins"
"rxnAGORA1122"	"mucin-type O-glycan No 5"	"Mucins"
"rxnAGORA1123"	"mucin-type O-glycan No 50"	"Mucins"
"rxnAGORA1124"	"released mucin-type O-glycan No 50"	"Mucins"
"rxnAGORA1125"	"mucin-type O-glycan No 51"	"Mucins"
"rxnAGORA1126"	"released mucin-type O-glycan No 51"	"Mucins"
"rxnAGORA1127"	"mucin-type O-glycan No 53"	"Mucins"
"rxnAGORA1128"	"released mucin-type O-glycan No 53"	"Mucins"
"rxnAGORA1129"	"mucin-type O-glycan No 54"	"Mucins"
"rxnAGORA1130"	"released mucin-type O-glycan No 54"	"Mucins"
"rxnAGORA1131"	"mucin-type O-glycan No 55"	"Mucins"
"rxnAGORA1132"	"released mucin-type O-glycan No 55"	"Mucins"
"rxnAGORA1133"	"mucin-type O-glycan No 56"	"Mucins"
"rxnAGORA1134"	"released mucin-type O-glycan No 56"	"Mucins"
"rxnAGORA1135"	"mucin-type O-glycan No 57"	"Mucins"
"rxnAGORA1136"	"released mucin-type O-glycan No 57"	"Mucins"
"rxnAGORA1137"	"mucin-type O-glycan No 58"	"Mucins"
"rxnAGORA1138"	"released mucin-type O-glycan No 58"	"Mucins"
"rxnAGORA1139"	"mucin-type O-glycan No 59"	"Mucins"
"rxnAGORA1140"	"released mucin-type O-glycan No 59"	"Mucins"
"rxnAGORA1141"	"released mucin-type O-glycan No 5"	"Mucins"
"rxnAGORA1142"	"mucin-type O-glycan No 6"	"Mucins"
"rxnAGORA1143"	"mucin-type O-glycan No 60"	"Mucins"
"rxnAGORA1144"	"released mucin-type O-glycan No 60"	"Mucins"
"rxnAGORA1145"	"mucin-type O-glycan No 61"	"Mucins"
"rxnAGORA1146"	"released mucin-type O-glycan No 61"	"Mucins"
"rxnAGORA1147"	"mucin-type O-glycan No 62"	"Mucins"
"rxnAGORA1148"	"released mucin-type O-glycan No 62"	"Mucins"
"rxnAGORA1149"	"mucin-type O-glycan No 63"	"Mucins"
"rxnAGORA1150"	"released mucin-type O-glycan No 63"	"Mucins"
"rxnAGORA1151"	"mucin-type O-glycan No 64"	"Mucins"
"rxnAGORA1152"	"released mucin-type O-glycan No 64"	"Mucins"
"rxnAGORA1153"	"mucin-type O-glycan No 65"	"Mucins"
"rxnAGORA1154"	"released mucin-type O-glycan No 65"	"Mucins"
"rxnAGORA1155"	"mucin-type O-glycan No 66"	"Mucins"
"rxnAGORA1156"	"released mucin-type O-glycan No 66"	"Mucins"
"rxnAGORA1157"	"mucin-type O-glycan No 67"	"Mucins"
"rxnAGORA1158"	"released mucin-type O-glycan No 67"	"Mucins"
"rxnAGORA1159"	"mucin-type O-glycan No 68"	"Mucins"
"rxnAGORA1160"	"released mucin-type O-glycan No 68"	"Mucins"
"rxnAGORA1161"	"mucin-type O-glycan No 69"	"Mucins"
"rxnAGORA1162"	"released mucin-type O-glycan No 69"	"Mucins"
"rxnAGORA1163"	"released mucin-type O-glycan No 6"	"Mucins"
"rxnAGORA1164"	"mucin-type O-glycan No 7"	"Mucins"
"rxnAGORA1165"	"mucin-type O-glycan No 70"	"Mucins"
"rxnAGORA1166"	"released mucin-type O-glycan No 70"	"Mucins"
"rxnAGORA1167"	"mucin-type O-glycan No 71"	"Mucins"
"rxnAGORA1168"	"released mucin-type O-glycan No 71"	"Mucins"
"rxnAGORA1169"	"mucin-type O-glycan No 72"	"Mucins"
"rxnAGORA1170"	"released mucin-type O-glycan No 72"	"Mucins"
"rxnAGORA1171"	"mucin-type O-glycan No 73"	"Mucins"
"rxnAGORA1172"	"released mucin-type O-glycan No 73"	"Mucins"
"rxnAGORA1173"	"mucin-type O-glycan No 74"	"Mucins"
"rxnAGORA1174"	"released mucin-type O-glycan No 74"	"Mucins"
"rxnAGORA1175"	"mucin-type O-glycan No 75"	"Mucins"
"rxnAGORA1176"	"released mucin-type O-glycan No 75"	"Mucins"
"rxnAGORA1177"	"mucin-type O-glycan No 76"	"Mucins"
"rxnAGORA1178"	"released mucin-type O-glycan No 76"	"Mucins"
"rxnAGORA1179"	"mucin-type O-glycan No 77"	"Mucins"
"rxnAGORA1180"	"released mucin-type O-glycan No 77"	"Mucins"
"rxnAGORA1181"	"mucin-type O-glycan No 78"	"Mucins"
"rxnAGORA1182"	"released mucin-type O-glycan No 78"	"Mucins"
"rxnAGORA1183"	"mucin-type O-glycan No 79"	"Mucins"
"rxnAGORA1184"	"released mucin-type O-glycan No 79"	"Mucins"
"rxnAGORA1185"	"released mucin-type O-glycan No 7"	"Mucins"
"rxnAGORA1186"	"mucin-type O-glycan No 8"	"Mucins"
"rxnAGORA1187"	"mucin-type O-glycan No 80"	"Mucins"
"rxnAGORA1188"	"released mucin-type O-glycan No 80"	"Mucins"
"rxnAGORA1189"	"mucin-type O-glycan No 81"	"Mucins"
"rxnAGORA1190"	"released mucin-type O-glycan No 81"	"Mucins"
"rxnAGORA1191"	"mucin-type O-glycan No 82"	"Mucins"
"rxnAGORA1192"	"released mucin-type O-glycan No 82"	"Mucins"
"rxnAGORA1193"	"mucin-type O-glycan No 83"	"Mucins"
"rxnAGORA1194"	"released mucin-type O-glycan No 83"	"Mucins"
"rxnAGORA1195"	"mucin-type O-glycan No 84"	"Mucins"
"rxnAGORA1196"	"released mucin-type O-glycan No 84"	"Mucins"
"rxnAGORA1197"	"mucin-type O-glycan No 85"	"Mucins"
"rxnAGORA1198"	"released mucin-type O-glycan No 85"	"Mucins"
"rxnAGORA1199"	"mucin-type O-glycan No 86"	"Mucins"
"rxnAGORA1200"	"released mucin-type O-glycan No 86"	"Mucins"
"rxnAGORA1201"	"mucin-type O-glycan No 87"	"Mucins"
"rxnAGORA1202"	"released mucin-type O-glycan No 87"	"Mucins"
"rxnAGORA1203"	"mucin-type O-glycan No 88"	"Mucins"
"rxnAGORA1204"	"released mucin-type O-glycan No 88"	"Mucins"
"rxnAGORA1205"	"mucin-type O-glycan No 89"	"Mucins"
"rxnAGORA1206"	"released mucin-type O-glycan No 89"	"Mucins"
"rxnAGORA1207"	"released mucin-type O-glycan No 8"	"Mucins"
"rxnAGORA1208"	"mucin-type O-glycan No 9"	"Mucins"
"rxnAGORA1209"	"mucin-type O-glycan No 90"	"Mucins"
"rxnAGORA1210"	"released mucin-type O-glycan No 90"	"Mucins"
"rxnAGORA1211"	"mucin-type O-glycan No 91"	"Mucins"
"rxnAGORA1212"	"released mucin-type O-glycan No 91"	"Mucins"
"rxnAGORA1213"	"mucin-type O-glycan No 92"	"Mucins"
"rxnAGORA1214"	"released mucin-type O-glycan No 92"	"Mucins"
"rxnAGORA1215"	"mucin-type O-glycan No 93"	"Mucins"
"rxnAGORA1216"	"released mucin-type O-glycan No 93"	"Mucins"
"rxnAGORA1217"	"mucin-type O-glycan No 94"	"Mucins"
"rxnAGORA1218"	"released mucin-type O-glycan No 94"	"Mucins"
"rxnAGORA1219"	"mucin-type O-glycan No 95"	"Mucins"
"rxnAGORA1220"	"released mucin-type O-glycan No 95"	"Mucins"
"rxnAGORA1221"	"mucin-type O-glycan No 96"	"Mucins"
"rxnAGORA1222"	"released mucin-type O-glycan No 96"	"Mucins"
"rxnAGORA1223"	"mucin-type O-glycan No 97"	"Mucins"
"rxnAGORA1224"	"released mucin-type O-glycan No 97"	"Mucins"
"rxnAGORA1225"	"mucin-type O-glycan No 98"	"Mucins"
"rxnAGORA1226"	"released mucin-type O-glycan No 98"	"Mucins"
"rxnAGORA1227"	"mucin-type O-glycan No 99"	"Mucins"
"rxnAGORA1228"	"released mucin-type O-glycan No 99"	"Mucins"
"rxnAGORA1229"	"released mucin-type O-glycan No 9"	"Mucins"
"rxnAGORA1230"	"protein-linked serine or threonine residue (O-glycosylation site)"	"Aminoacid"
"rxnAGORA1231"	"T antigen (core 1)"	"Antigen"
"rxnAGORA1232"	"Tn antigen"	"Antigen"
"rxnAGORA1233"	"acetate"	"Short chain fatty acid"
"rxnAGORA1234"	"acetaldehyde"	"Aldehyde"
"rxnAGORA1235"	"N-acetyl-D-galactosamine"	"Amino sugar"
"rxnAGORA1236"	"N-acetyl-D-glucosamine"	"Amino sugar"
"rxnAGORA1237"	"N-acetylneuraminate"	"Amino sugar"
"rxnAGORA1238"	"Alpha-2,6-N-acetylneuraminate-N-acetylgalactosamine"	"Amino sugar"
"rxnAGORA1239"	"Adenosylcobalamin"	"Vitamin"
"rxnAGORA1240"	"Beta-1,3-N,N-diacetylgalactosamine"	"Amino sugar"
"rxnAGORA1241"	"Beta-1,6-N,N-diacetylgalactosamine"	"Amino sugar"
"rxnAGORA1242"	"Beta-1,3-N-acetylglucosamine-N-acetylgalactosamine"	"Amino sugar"
"rxnAGORA1243"	"Beta-1,6-N-acetylglucosamine-N-acetylgalactosamine"	"Amino sugar"
"rxnAGORA1244"	"L-alanine"	"Aminoacid"
"rxnAGORA1245"	"L-alanyl-L-aspartate"	"Aminoacid"
"rxnAGORA1246"	"L-alanyl-L-glutamine"	"Aminoacid"
"rxnAGORA1247"	"L-alanyl-L-glutamate"	"Aminoacid"
"rxnAGORA1248"	"L-alanylglycine"	"Aminoacid"
"rxnAGORA1249"	"L-alanyl-L-histidine"	"Aminoacid"
"rxnAGORA1250"	"L-alanyl-L-leucine"	"Aminoacid"
"rxnAGORA1251"	"L-alanyl-L-threonine"	"Aminoacid"
"rxnAGORA1252"	"L-arabinose"	"Sugar"
"rxnAGORA1253"	"L-argininium(1+)"	"Aminoacid"
"rxnAGORA1255"	"L-asparagine"	"Aminoacid"
"rxnAGORA1258"	"L-aspartate(1-)"	"Aminoacid"
"rxnAGORA1259"	"Produced biomass"	"Others"
"rxnAGORA1260"	"Biotin"	"Vitamin"
"rxnAGORA1261"	"calcium(2+)"	"Mineral"
"rxnAGORA1262"	"Cob(I)alamin"	"Vitamin"
"rxnAGORA1265"	"L-cysteinylglycine"	"Aminoacid"
"rxnAGORA1266"	"Citrate"	"Organic acid"
"rxnAGORA1267"	"Chloride"	"Mineral"
"rxnAGORA1268"	"carbon dioxide"	"Others"
"rxnAGORA1269"	"Co2+"	"Mineral"
"rxnAGORA1270"	"Core 2"	"Others"
"rxnAGORA1271"	"released Core 2"	"Others"
"rxnAGORA1272"	"Core 3"	"Others"
"rxnAGORA1273"	"Core 4"	"Others"
"rxnAGORA1274"	"released Core 4"	"Others"
"rxnAGORA1275"	"Core 5"	"Others"
"rxnAGORA1276"	"Core 6"	"Others"
"rxnAGORA1277"	"Core 7"	"Others"
"rxnAGORA1278"	"Core 8"	"Others"
"rxnAGORA1279"	"Cu2+"	"Mineral"
"rxnAGORA1280"	"L-cysteine"	"Aminoacid"
"rxnAGORA1281"	"Dextrin"	"Sugar"
"rxnAGORA1282"	"2-deoxy-D-ribose"	"Sugar"
"rxnAGORA1283"	"disialyl-T antigen"	"Antigen"
"rxnAGORA1284"	"released disialyl-T antigen"	"Antigen"
"rxnAGORA1285"	"ethanol"	"Alcohol"
"rxnAGORA1286"	"F1alpha"	"Others"
"rxnAGORA1287"	"released F1alpha antigen"	"Antigen"
"rxnAGORA1288"	"Fe2+"	"Mineral"
"rxnAGORA1289"	"Fe3+"	"Mineral"
"rxnAGORA1290"	"Folate"	"Vitamin"
"rxnAGORA1291"	"Formate"	"Organic acid"
"rxnAGORA1292"	"L-fucose"	"Sugar"
"rxnAGORA1293"	"D-Galactose"	"Sugar"
"rxnAGORA1294"	"Alpha-1,3-Galactose-N-acetylgalactosamine"	"Amino sugar"
"rxnAGORA1295"	"Beta-1,3-Galactose-N-acetylgalactosamine"	"Amino sugar"
"rxnAGORA1296"	"D-glucose"	"Sugar"
"rxnAGORA1297"	"L-glutamine"	"Aminoacid"
"rxnAGORA1298"	"L-glutamate(1-)"	"Aminoacid"
"rxnAGORA1299"	"Glycine"	"Aminoacid"
"rxnAGORA1300"	"Glycyl-L-asparagine"	"Aminoacid"
"rxnAGORA1301"	"Glycyl-L-aspartate"	"Aminoacid"
"rxnAGORA1302"	"glycine betaine"	"Aminoacid"
"rxnAGORA1303"	"Glycerol 3-phosphate"	"Alcohol"
"rxnAGORA1304"	"Gly-Cys"	"Aminoacid"
"rxnAGORA1305"	"Glycyl-L-glutamine"	"Aminoacid"
"rxnAGORA1306"	"Glycyl-L-glutamate"	"Aminoacid"
"rxnAGORA1307"	"Glycylleucine"	"Aminoacid"
"rxnAGORA1308"	"Glycyl-L-methionine"	"Aminoacid"
"rxnAGORA1309"	"Glycylphenylalanine"	"Aminoacid"
"rxnAGORA1310"	"Glycylproline"	"Aminoacid"
"rxnAGORA1311"	"Glycyl-L-tyrosine"	"Aminoacid"
"rxnAGORA1312"	"GlcNAc-alpha-1,4-Core 1"	"Others"
"rxnAGORA1313"	"released GlcNAc-alpha-1,4-Core 1"	"Others"
"rxnAGORA1314"	"GlcNAc-alpha-1,4-Core 2"	"Others"
"rxnAGORA1315"	"released GlcNAc-alpha-1,4-Core 2"	"Others"
"rxnAGORA1316"	"proton"	"Others"
"rxnAGORA1317"	"Water"	"Others"
"rxnAGORA1319"	"L-histidine"	"Aminoacid"
"rxnAGORA1320"	"Hypoxanthine"	"Purine"
"rxnAGORA1321"	"L-isoleucine"	"Aminoacid"
"rxnAGORA1322"	"potassium"	"Mineral"
"rxnAGORA1323"	"(R)-lactate"	"Organic acid"
"rxnAGORA1324"	"(S)-lactate"	"Organic acid"
"rxnAGORA1325"	"Lactose"	"Sugar"
"rxnAGORA1326"	"L-leucine"	"Aminoacid"
"rxnAGORA1327"	"L-lysinium(1+)"	"Aminoacid"
"rxnAGORA1328"	"Maltose"	"Sugar"
"rxnAGORA1329"	"Maltohexaose"	"Sugar"
"rxnAGORA1330"	"maltotriose"	"Sugar"
"rxnAGORA1331"	"mannotriose (beta-1,4)"	"Sugar"
"rxnAGORA1332"	"D-Methionine"	"Aminoacid"
"rxnAGORA1333"	"L-methionine"	"Aminoacid"
"rxnAGORA1334"	"L-methionyl-L-alanine"	"Aminoacid"
"rxnAGORA1336"	"L-Methionine Sulfoxide"	"Aminoacid"
"rxnAGORA1337"	"magnesium"	"Mineral"
"rxnAGORA1338"	"Mn2+"	"Mineral"
"rxnAGORA1339"	"Menaquinone 7"	"Vitamin"
"rxnAGORA1340"	"Sodium"	"Mineral"
"rxnAGORA1341"	"Nicotinate"	"Vitamin"
"rxnAGORA1342"	"Ammonium"	"Others"
"rxnAGORA1343"	"O2"	"Others"
"rxnAGORA1344"	"octadecanoate (n-C18:0)"	"Fatty acid"
"rxnAGORA1345"	"Ornithine"	"Aminoacid"
"rxnAGORA1347"	"L-phenylalanine"	"Aminoacid"
"rxnAGORA1348"	"Protoheme"	"Protoporphyrin"
"rxnAGORA1349"	"hydrogenphosphate"	"Others"
"rxnAGORA1350"	"(R)-Pantothenate"	"Vitamin"
"rxnAGORA1351"	"L-proline"	"Aminoacid"
"rxnAGORA1352"	"pullulan (n=1200 repeat units, alpha-1,4 and alph-1,6 bounds)"	"Sugar"
"rxnAGORA1353"	"Pyridoxal"	"Vitamin"
"rxnAGORA1354"	"D-ribose"	"Sugar"
"rxnAGORA1355"	"Riboflavin"	"Vitamin"
"rxnAGORA1356"	"sialyl-T antigen"	"Antigen"
"rxnAGORA1357"	"released sialyl-Tn antigen"	"Antigen"
"rxnAGORA1358"	"sialyl-Tn antigen"	"Antigen"
"rxnAGORA1359"	"L-serine"	"Aminoacid"
"rxnAGORA1360"	"Siroheme"	"Protoporphyrin"
"rxnAGORA1361"	"sulfate"	"Others"
"rxnAGORA1362"	"Spermidine"	"Polyamine"
"rxnAGORA1363"	"Stachyose"	"Sugar"
"rxnAGORA1364"	"Succinate"	"Organic acid"
"rxnAGORA1365"	"Sucrose"	"Sugar"
"rxnAGORA1366"	"Taurine"	"Aminoacid"
"rxnAGORA1367"	"Thiamin"	"Vitamin"
"rxnAGORA1368"	"L-threonine"	"Aminoacid"
"rxnAGORA1369"	"Thymidine"	"Nucleotide"
"rxnAGORA1370"	"trimethylamine"	"Amine"
"rxnAGORA1371"	"Trehalose"	"Sugar"
"rxnAGORA1372"	"L-tryptophan"	"Aminoacid"
"rxnAGORA1373"	"L-tyrosine"	"Aminoacid"
"rxnAGORA1374"	"L-valine"	"Aminoacid"
"rxnAGORA1375"	"aldehydo-D-xylose"	"Sugar"
"rxnAGORA1376"	"Zinc"	"Mineral"
"rxnAGORA2413"	"DNA replication"	"Others"
"rxnAGORA2414"	"Protein biosynthesis"	"Others"
"rxnAGORA2426"	"RNA transcription"	"Others"
"rxnAGORA2427"	"Peptidoglycan polymer (n-1 subunits)"	"Others"
"rxnAGORA2647"	"5-deoxyribose"	"Sugar"
"rxnAGORA2648"	"5-Methylthio-D-ribose"	"Sugar"
"rxnAGORA2649"	"Biotin"	"Vitamin"
"rxnAGORA2650"	"L-homocysteine"	"Aminoacid"
"rxnAGORA2714"	"2-Dehydro-3-deoxy-D-gluconate"	"Others"
"rxnAGORA2715"	"2-Hydroxyphenylacetate"	"Benzoic acid"
"rxnAGORA2716"	"(3,4-dihydroxyphenyl)acetate"	"Benzoic acid"
"rxnAGORA2717"	"L-dopa"	"Aminoacid"
"rxnAGORA2718"	"3-hydroxycinnamic acid"	"Hydroxycinnamic acid"
"rxnAGORA2719"	"3-(3-hydroxy-phenyl)propionate"	"Benzoic acid"
"rxnAGORA2720"	"3-methyl-2-oxopentanoate"	"Others"
"rxnAGORA2721"	"4-Aminobenzoate"	"Others"
"rxnAGORA2722"	"(4-hydroxyphenyl)acetaldehyde"	"Benzoic acid"
"rxnAGORA2723"	"5-hydroxy-L-tryptophan"	"Aminoacid"
"rxnAGORA2724"	"5-Methylthioadenosine"	"Nucleotide"
"rxnAGORA2725"	"L-cysteate(1-)"	"Aminoacid"
"rxnAGORA2726"	"L-kynurenine"	"Aminoacid"
"rxnAGORA2727"	"acetoacetate"	"Organic acid"
"rxnAGORA2728"	"2-Oxoglutarate"	"Organic acid"
"rxnAGORA2729"	"Allantoin"	"Organic acid"
"rxnAGORA2730"	"D-Arabinose"	"Sugar"
"rxnAGORA2731"	"Arbutin"	"Others"
"rxnAGORA2732"	"(R)-3-hydroxybutyrate"	"Organic acid"
"rxnAGORA2733"	"butyrate"	"Short chain fatty acid"
"rxnAGORA2734"	"butanesulfonate"	"Others"
"rxnAGORA2735"	"Choline"	"Others"
"rxnAGORA2736"	"cytosine"	"Nucleotide"
"rxnAGORA2737"	"2,3-dihydroxicinnamic acid"	"Hydroxycinnamic acid"
"rxnAGORA2738"	"3-(2,3-Dihydroxyphenyl)propanoate"	"Benzoic acid"
"rxnAGORA2739"	"dopaminium(1+)"	"Aminoacid"
"rxnAGORA2740"	"ethanesulfonate"	"Others"
"rxnAGORA2741"	"D-Fructose"	"Sugar"
"rxnAGORA2742"	"Fumarate"	"Organic acid"
"rxnAGORA2743"	"D-Galactonate"	"Organic acid"
"rxnAGORA2744"	"galactitol"	"Polyol"
"rxnAGORA2745"	"D-Glucosamine"	"Amino sugar"
"rxnAGORA2746"	"glycolaldehyde"	"Others"
"rxnAGORA2747"	"D-gluconate"	"Organic acid"
"rxnAGORA2748"	"Glycerol"	"Others"
"rxnAGORA2749"	"Reduced glutathione"	"Aminoacid"
"rxnAGORA2750"	"Guanine"	"Nucleotide"
"rxnAGORA2751"	"Hydrogen sulfide"	"Others"
"rxnAGORA2752"	"Hexadecanoate (n-C16:0)"	"Fatty acid"
"rxnAGORA2753"	"hexanesulfonate"	"Others"
"rxnAGORA2754"	"histamium"	"Amine"
"rxnAGORA2755"	"indole-3-acetate"	"Indole"
"rxnAGORA2756"	"Isethionic acid"	"Organic acid"
"rxnAGORA2757"	"(S)-malate(2-)"	"Organic acid"
"rxnAGORA2758"	"D-Mannose"	"Sugar"
"rxnAGORA2759"	"D-Mannitol"	"Polyol"
"rxnAGORA2761"	"methanesulfonate"	"Others"
"rxnAGORA2762"	"Nitrogen"	"Others"
"rxnAGORA2763"	"Nitrous oxide"	"Others"
"rxnAGORA2764"	"Nitrite"	"Others"
"rxnAGORA2765"	"Nitrate"	"Others"
"rxnAGORA2766"	"phenylacetate"	"Benzoic acid"
"rxnAGORA2767"	"propionate"	"Short chain fatty acid"
"rxnAGORA2768"	"Diphosphate"	"Others"
"rxnAGORA2769"	"Putrescine"	"Polyamine"
"rxnAGORA2770"	"Pyridoxamine"	"Vitamin"
"rxnAGORA2771"	"Pyridoxine"	"Vitamin"
"rxnAGORA2772"	"Salicin"	"Organic acid"
"rxnAGORA2773"	"D-glucitol"	"Polyol"
"rxnAGORA2774"	"serotonin(1+)"	"Aminoacid"
"rxnAGORA2775"	"sulfoacetate"	"Others"
"rxnAGORA2776"	"tryptaminium"	"Polyamine"
"rxnAGORA2777"	"thiosulfate(2-)"	"Others"
"rxnAGORA2778"	"tetradecanoate (n-C14:0)"	"Fatty acid"
"rxnAGORA2779"	"tyraminium"	"Polyamine"
"rxnAGORA2780"	"uracil"	"Nucleotide"
"rxnAGORA3231"	"Trimethylamine N-oxide"	"Amine"
"rxnAGORA3232"	"Xanthine"	"Purine"
"rxnAGORA3333"	"1,5-Diaminopentane"	"Others"
"rxnAGORA3334"	"meso-2,6-Diaminoheptanedioate"	"Others"
"rxnAGORA3335"	"2-Demethylmenaquinone 8"	"Vitamin"
"rxnAGORA3336"	"2-Oxobutanoate"	"Organic acid"
"rxnAGORA3337"	"Adenine"	"Nucleotide"
"rxnAGORA3339"	"Cytidine"	"Nucleoside"
"rxnAGORA3340"	"2-deoxyadenosine"	"Nucleoside"
"rxnAGORA3341"	"Deoxycytidine"	"Nucleoside"
"rxnAGORA3342"	"Deoxyguanosine"	"Nucleoside"
"rxnAGORA3343"	"Glutarate"	"Others"
"rxnAGORA3344"	"Hydrogen"	"Others"
"rxnAGORA3345"	"Inosine"	"Others"
"rxnAGORA3346"	"Menaquinone 8"	"Vitamin"
"rxnAGORA3347"	"Ubiquinone-8"	"Vitamin"
"rxnAGORA3348"	"Uridine"	"Nucleoside"
"rxnAGORA3397"	"4-Hydroxy-benzyl alcohol"	"Others"
"rxnAGORA3398"	"glycolaldehyde"	"Others"
"rxnAGORA3399"	"KDO(2)-lipid IV(A) with laurate"	"Fatty acid"
"rxnAGORA3401"	"crotonobetaine"	"Others"
"rxnAGORA3402"	"laurate"	"Fatty acid"
"rxnAGORA3403"	"gamma-butyrobetaine"	"Others"
"rxnAGORA3404"	"NMN"	"Others"
"rxnAGORA3427"	"Adenosylcobalamin"	"Vitamin"
"rxnAGORA3430"	"Dephospho-CoA"	"Others"
"rxnAGORA3431"	"dTMP"	"Others"
"rxnAGORA3432"	"Urea"	"Others"
"rxnAGORA3468"	"1,2-Diacyl-sn-glycerol (dioctadecanoyl, n-C18:0)"	"Fatty acid"
"rxnAGORA3469"	"4-hydroxyphenylacetate"	"Benzoic acid"
"rxnAGORA3470"	"Malonate"	"Organic acid"
"rxnAGORA3471"	"Adenosine"	"Nucleoside"
"rxnAGORA3472"	"D-alanine"	"Aminoacid"
"rxnAGORA3473"	"chorismate"	"Others"
"rxnAGORA3474"	"Cyanate"	"Others"
"rxnAGORA3475"	"etha[c]"	"Others"
"rxnAGORA3476"	"Ferrichrome"	"Others"
"rxnAGORA3477"	"D-Galactarate"	"Organic acid"
"rxnAGORA3478"	"D-glucarate(2-)"	"Organic acid"
"rxnAGORA3479"	"glycolate"	"Others"
"rxnAGORA3480"	"Nicotinamide"	"Vitamin"
"rxnAGORA3481"	"octadecenoate (n-C18:1)"	"Others"
"rxnAGORA3482"	"keto-phenylpyruvate"	"Others"
"rxnAGORA3483"	"D-serine"	"Aminoacid"
"rxnAGORA3540"	"5-Deoxyadenosine"	"Nucleoside"
"rxnAGORA3566"	"S-Adenosyl-4-methylthio-2-oxobutanoate"	"Others"
"rxnAGORA3567"	"cardiolipin (tetratetradecanoyl, n-C14:0)"	"Fatty acid"
"rxnAGORA3568"	"cardiolipin (tetrahexadecanoyl, n-C16:0)"	"Fatty acid"
"rxnAGORA3569"	"cardiolipin (13-methyl-tetradecanoyl, iso-C15)"	"Fatty acid"
"rxnAGORA3570"	"cardiolipin (14-methyl-pentadecanoyl, iso-C16)"	"Fatty acid"
"rxnAGORA3572"	"oxalate(2-)"	"Organic acid"
"rxnAGORA3586"	"Sulfur"	"Mineral"
"rxnAGORA3599"	"7-Dehydrochenodeoxycholate"	"Bile salt"
"rxnAGORA3600"	"3alpha,12alpha-Dihydroxy-7-oxo-5beta-cholanate"	"Bile salt"
"rxnAGORA3601"	"chenodeoxycholate"	"Bile salt"
"rxnAGORA3602"	"Cholate"	"Bile salt"
"rxnAGORA3622"	"4-hydroxybenzoate"	"Benzoic acid"
"rxnAGORA3623"	"Phenylpropanoate"	"Benzoic acid"
"rxnAGORA3686"	"myo-inositol"	"Polyol"
"rxnAGORA3702"	"(S)-propane-1,2-diol"	"Others"
"rxnAGORA3703"	"Tyr-194 of apo-glycogenin protein (primer for glycogen synthesis)"	"Others"
"rxnAGORA3704"	"glycogen, structure 2 (glycogenin-1,6-{7[1,4-Glc], 4[1,4-Glc]})"	"Sugar"
"rxnAGORA3705"	"glycogen, structure 4 (glycogenin-1,6-{2[1,4-Glc], [1,4-Glc]})"	"Sugar"
"rxnAGORA3706"	"glycogen, structure 5 (glycogenin-2[1,4-Glc])"	"Sugar"
"rxnAGORA3707"	"Oxidized glutathione"	"Aminoacid"
"rxnAGORA3708"	"L-Rhamnose"	"Sugar"
"rxnAGORA3709"	"starch, structure 1 (1,6-{7[1,4-Glc], 4[1,4-Glc]})"	"Sugar"
"rxnAGORA3710"	"starch, structure 2 (1,6-{2[1,4-Glc], [1,4-Glc]})"	"Sugar"
"rxnAGORA3725"	"N,N-diacetylchitobiose"	"Sugar"
"rxnAGORA3738"	"Hydroquinone"	"Others"
"rxnAGORA3740"	"Raffinose"	"Sugar"
"rxnAGORA3747"	"Nitric oxide"	"Others"
"rxnAGORA3757"	"Arabinotriose"	"Sugar"
"rxnAGORA3777"	"Choline sulfate"	"Others"
"rxnAGORA3778"	"L-Carnitine"	"Aminoacid"
"rxnAGORA3779"	"Diacetyl"	"Others"
"rxnAGORA3796"	"2-(Hydroxymethyl)phenol"	"Others"
"rxnAGORA3798"	"cellobiose"	"Sugar"
"rxnAGORA3799"	"Deoxyinosine"	"Others"
"rxnAGORA3800"	"Deoxyuridine"	"Others"
"rxnAGORA3801"	"Indole"	"Indole"
"rxnAGORA3816"	"(R)-Acetoin"	"Others"
"rxnAGORA3817"	"L-Fucose 1-phosphate"	"Sugar"
"rxnAGORA3818"	"D-Glucose 6-phosphate"	"Sugar"
"rxnAGORA3819"	"D-Mannose 6-phosphate"	"Sugar"
"rxnAGORA3827"	"Melibiose"	"Sugar"
"rxnAGORA3842"	"3-Hydroxyphenylacetate"	"Benzoic acid"
"rxnAGORA3843"	"AMP"	"Others"
"rxnAGORA3867"	"glycochenodeoxycholate"	"Bile salt"
"rxnAGORA3868"	"glycocholate"	"Bile salt"
"rxnAGORA3869"	"L-Lyxose"	"Sugar"
"rxnAGORA3870"	"pyruvate"	"Others"
"rxnAGORA3871"	"taurocholate"	"Bile salt"
"rxnAGORA3872"	"taurochenodeoxycholate"	"Bile salt"
"rxnAGORA3909"	"Sodium"	"Mineral"
"rxnAGORA3910"	"(S)-lactaldehyde"	"Others"
"rxnAGORA3920"	"Reduced glutathione"	"Aminoacid"
"rxnAGORA3921"	"Siroheme"	"Protoporphyrin"
"rxnAGORA3938"	"D-Galacturonate"	"Organic acid"
"rxnAGORA3939"	"D-glucuronate"	"Organic acid"
"rxnAGORA3940"	"Guanosine"	"Nucleoside"
"rxnAGORA3959"	"Isobutyrate, 2-Methylpropanoate"	"Short chain fatty acid"
"rxnAGORA3960"	"Isocaproate"	"Fatty acid"
"rxnAGORA3961"	"Isovalerate, 3-Methylbutanoate"	"Short chain fatty acid"
"rxnAGORA3962"	"lanosterol"	"Others"
"rxnAGORA3973"	"Phenol"	"Benzoic alcohol"
"rxnAGORA3984"	"Chicory inulin, 30 monosaccharide units (29 fru, 1 glc) on average"	"Sugar"
"rxnAGORA3985"	"Isoprene"	"Others"
"rxnAGORA4016"	"cardiolipin (12-methyl-tetradecanoyl, anteiso-C15)"	"Fatty acid"
"rxnAGORA4017"	"3-Dehydrochenodeoxycholate"	"Bile salt"
"rxnAGORA4018"	"3-Dehydrocholate"	"Bile salt"
"rxnAGORA4026"	"Kestose (2 fru, 1 glc inulin-type fructo-oligosaccharide)"	"Sugar"
"rxnAGORA4027"	"Kestopentaose (4 fru, 1 glc inulin-type fructo-oligosaccharide)"	"Sugar"
"rxnAGORA4028"	"Kestotetraose (3 fru, 1 glc inulin-type fructo-oligosaccharide)"	"Sugar"
"rxnAGORA4041"	"5,6-Dimethylbenzimidazole"	"Others"
"rxnAGORA4043"	"12-Dehydrocholate"	"Bile salt"
"rxnAGORA4045"	"L-homoserine"	"Aminoacid"
"rxnAGORA4088"	"Isocitrate"	"Organic acid"
"rxnAGORA4102"	"Pimelate"	"Others"
"rxnAGORA4112"	"cardiolipin (12-methyl-tridecanoyl, iso-C14)"	"Fatty acid"
"rxnAGORA4113"	"R_R__2_3_Butanediol"	"Others"
"rxnAGORA4117"	"teichuronic acid (GlcA + GalNac, 45 repeating unit)"	"Amino sugar"
"rxnAGORA4127"	"methanol"	"Alcohol"
"rxnAGORA4128"	"pectins"	"Sugar"
"rxnAGORA4160"	"Protoheme"	"Protoporphyrin"
"rxnAGORA4161"	"Dimer GalNAc-GlcA"	"Amino sugar"
"rxnAGORA4162"	"Dimer GalNAc-IdoA"	"Amino sugar"
"rxnAGORA4163"	"Dimer GalNAc-IdoA2S"	"Amino sugar"
"rxnAGORA4164"	"Larch arabinogalactan, gal/ara 6:1, small amount of glcur, MW ~ 116000"	"Sugar"
"rxnAGORA4165"	"chondroitin sulfate A (GalNAc4S-GlcA) proteoglycan"	"Sugar"
"rxnAGORA4166"	"Dimer GalNAc4S-GlcA"	"Amino sugar"
"rxnAGORA4167"	"Not degradable product CSABCPASE_A/B, Gal4S-Gal-Xyl-L-Ser-protein"	"Others"
"rxnAGORA4168"	"chondroitin sulfate B / dermatan sulfate (IdoA2S-GalNAc4S) proteoglycan"	"Others"
"rxnAGORA4169"	"Dimer GalNAc4S-IdoA2S"	"Others"
"rxnAGORA4170"	"chondroitin sulfate C (GalNAc6S-GlcA) proteoglycan"	"Others"
"rxnAGORA4171"	"Dimer GalNAc6S-GlcA"	"Others"
"rxnAGORA4172"	"Not degradable product CSABCPASE_C, Gal6S-Gal-Xyl-L-Ser-protein"	"Others"
"rxnAGORA4173"	"hyaluronan"	"Others"
"rxnAGORA4174"	"hyaluronan degradation product 1"	"Others"
"rxnAGORA4175"	"hyaluronan biosynthesis, precursor 1"	"Others"
"rxnAGORA4176"	"Homogalacturonan, 100 galacturonate residues. Assumed to be methylated/ acetylated in every 5th residue. Citrus HG consists of 7... <Preview truncated at 128 characters>"	"Others"
"rxnAGORA4177"	"L-iduronate"	"Others"
"rxnAGORA4178"	"Pectic galactan (potato), gal: arab-L: rmn: galur = 78: 9: 4: 9 (www.megazyme.com). Assumed to consist of 100 sugars per macromo... <Preview truncated at 128 characters>"	"Sugar"
"rxnAGORA4179"	"Potato rhamnogalacturonan I, MW assumed ~200000, 62 galur, 20 rmn, 12 gal, 3 arab-L, 1 xyl-D (www.megazyme.com, PMID: 16661590)"	"Sugar"
"rxnAGORA4204"	"Amylopectin, 900 repeat units"	"Sugar"
"rxnAGORA4205"	"amylose (n=300 repeat units, alpha-1,4-glc)"	"Sugar"
"rxnAGORA4206"	"Arabinan, polymer of 1,5-a-L-linked arabinofuranose units substituted by 1,3 or 1,2 linked branches, MW ~ 15000 Da (REF: www.meg... <Preview truncated at 128 characters>"	"Sugar"
"rxnAGORA4207"	"Arabinoxylan, 30 xyl_D, 18 arab_L, 3 gal, 3 glc_D"	"Sugar"
"rxnAGORA4208"	"beta-glucans"	"Sugar"
"rxnAGORA4209"	"Dextran 40, 1,6-alpha-D-Glucan"	"Sugar"
"rxnAGORA4210"	"Carob galactomannan, Gal:Man ratio 22/78. 220 gal, 780 man assumed"	"Sugar"
"rxnAGORA4211"	"Glucosamine 2,6-sulfate"	"Amino sugar"
"rxnAGORA4212"	"Konjac glucomannan, MW 77,500 (PMID:17962981), Man:Glc ~ 2:1. -> 286 man, 143 glc_D"	"Sugar"
"rxnAGORA4213"	"heparan sulfate proteoglycan"	"Others"
"rxnAGORA4214"	"Product 1 HEPARL1_e, IdoA-GlcN2,6diS-GlcA-GlcN2,3,6triS"	"Others"
"rxnAGORA4215"	"Product AS3TASE_HS2, GlcN2S-IdoA-GlcNAc-GlcA-Gal-Gal-Xyl-L-Ser (protein)"	"Others"
"rxnAGORA4216"	"Product GAM2STASE_HS3, GlcN-IdoA-GlcNAc-GlcA-Gal-Gal-Xyl-L-Ser (protein)"	"Others"
"rxnAGORA4217"	"Product GLCNACASE_HS2, GlcA-GlcNAc-IdoA-Gal-Gal-Xyl-L-Ser (protein)"	"Others"
"rxnAGORA4218"	"Product GLCAASE_HS, GlcNAc-IdoA-Gal-Gal-Xyl-L-Ser (protein)"	"Others"
"rxnAGORA4219"	"Product GLCNACASE_HS3, IdoA-Gal-Gal-Xyl-L-Ser (protein)"	"Others"
"rxnAGORA4220"	"Product IDOURASE_HS3, Gal-Gal-Xyl-L-Ser (protein)"	"Others"
"rxnAGORA4221"	"Product 2 HEPARL1_e, IdoA2S-GlcN2,6diS-IdoA2S-GlcNAc3S-GlcA-Gal-Gal-Xyl-L-Ser (protein)"	"Others"
"rxnAGORA4222"	"Product IDOURASE_HS1, GlcN2,6diS-GlcA-GlcN2,3,6triS"	"Others"
"rxnAGORA4223"	"Product AS6TASE_HS1, GlcN2S-GlcA-GlcN2,3diS"	"Others"
"rxnAGORA4224"	"Product AS3TASE_HS1, GlcN2S-GlcA-GlcN2S"	"Others"
"rxnAGORA4225"	"Product GAM2STASE_HS2, GlcN-GlcA-GlcN"	"Others"
"rxnAGORA4226"	"Product IS2TASE_HS1, IdoA-GlcN2,6diS-IdoA-GlcNAc3S-GlcA-Gal-Gal-Xyl-L-Ser (protein)"	"Others"
"rxnAGORA4227"	"Product IDOURASE_HS2, GlcN2,6diS-IdoA-GlcNAc3S-GlcA-Gal-Gal-Xyl-L-Ser (protein)"	"Others"
"rxnAGORA4228"	"Product AS6TASE_HS2, GlcN2S-IdoA-GlcNAc3S-GlcA-Gal-Gal-Xyl-L-Ser (protein)"	"Others"
"rxnAGORA4229"	"Undegradable product GALASE_HS, Xyl-L-Ser (protein)"	"Others"
"rxnAGORA4230"	"Levan, 1000 fructose units"	"Sugar"
"rxnAGORA4231"	"Levanbiose"	"Sugar"
"rxnAGORA4232"	"Levantriose"	"Sugar"
"rxnAGORA4233"	"Levantetraose"	"Sugar"
"rxnAGORA4234"	"Lichenin from Icelandic moss, 170 glucose residues. DOI: 10.1039/JR9570001951"	"Sugar"
"rxnAGORA4235"	"Laminaribiose"	"Sugar"
"rxnAGORA4236"	"laminarin (n=30 repeat units, beta -1,3 glc)"	"Sugar"
"rxnAGORA4237"	"Xyluglucan, PMID:16663672, Fry SC 1989. 600 glc_D, 360 xyl_D, 108 gal, 60 fuc_L, 6 arab_L"	"Sugar"
"rxnAGORA4269"	"trans-4-hydroxy-L-proline"	"Aminoacid"
"rxnAGORA4270"	"Isochenodeoxycholate"	"Bile salt"
"rxnAGORA4271"	"Isocholate"	"Bile salt"
"rxnAGORA4276"	"Oat spelt xylan, MW 79200 (DOI: 10.1002/masy.200551405) = 528 xyl_D"	"Sugar"
"rxnAGORA4291"	"2-o-methylfucose (rare sugar in rhamnogalacturonan II)"	"Sugar"
"rxnAGORA4292"	"2-O-methylxylose (rare sugar in rhamnogalacturonan II)"	"Sugar"
"rxnAGORA4293"	"3-deoxy-d-lyxo-heptulosaric acid (rare sugar in rhamnogalacturonan II)"	"Sugar"
"rxnAGORA4294"	"Aceric acid (3-C-carboxy-5-deoxy-l-xylose) (rare sugar in rhamnogalacturonan II)"	"Sugar"
"rxnAGORA4295"	"D-Apiose (rare sugar in rhamnogalacturonan II)"	"Sugar"
"rxnAGORA4296"	"3-Deoxy-D-manno-2-octulosonate"	"Sugar"
"rxnAGORA4297"	"Alpha-mannan, yeast, has a MW of about 25000 (PMID: 5461381), equals ~ 140 mannose units. ID according to iMM904"	"Sugar"
"rxnAGORA4298"	"Wine rhamnogalacturonan II, MW ~ 5-10 kDa, 37% galur, 16% rmn, 3% fuc-L, 11% arab-L, 6% gal, 5% glcur, 4% 2omfuc, 3% 2omxyl, 6% ... <Preview truncated at 128 characters>"	"Sugar"
"rxnAGORA4451"	"dTTP"	"Others"
"rxnAGORA4455"	"N-acetyl-D-mannosamine"	"Amino sugar"
"rxnAGORA4470"	"5-Methyltetrahydrofolate"	"Vitamin"
"rxnAGORA4471"	"starch n=1200 repeat units (300 repeat units amylose, 900 repeat units amylopectin, corresponds to potatoe starch)"	"Sugar"
"rxnAGORA4472"	"5,6,7,8-Tetrahydrofolate"	"Vitamin"
"rxnAGORA4483"	"Galacto-N-biose"	"Amino sugar"
"rxnAGORA4484"	"Lacto-N-biose"	"Amino sugar"
"rxnAGORA4492"	"Propane-1,3-diol"	"Others"
"rxnAGORA4493"	"Menaquinone 7"	"Vitamin"
"rxnAGORA4494"	"Menaquinone 8"	"Vitamin"
"rxnAGORA4495"	"Ubiquinone-8"	"Vitamin"
"rxnAGORA4570"	"xanthosine"	"Others"
"rxnAGORA4580"	"Dimethyl sulfide"	"Others"
"rxnAGORA4581"	"Dimethyl sulfoxide"	"Others"
"rxnAGORA4582"	"Sulfite"	"Others"
"rxnAGORA4588"	"Tetrathionate"	"Others"
"rxnAGORA4604"	"Coenzyme A"	"Others"
"rxnAGORA4605"	"GTP"	"Others"
"rxnAGORA4606"	"Thiamin monophosphate"	"Vitamin"
"rxnAGORA4629"	"Cellulose, chain length 500 glc_D assumed, DOI: 10.1002/anie.200460587"	"Sugar"
"rxnAGORA4634"	"S-Adenosyl-L-methionine"	"Aminoacid"
"rxnAGORA4635"	"CMP"	"Others"
"rxnAGORA4636"	"dATP"	"Others"
"rxnAGORA4637"	"Nicotinamide adenine dinucleotide phosphate"	"Vitamin"
"rxnAGORA4647"	"L-Idonate"	"Others"
"rxnAGORA4661"	"trans-Cinnamate"	"Hydroxycinnamic acid"
"rxnAGORA4662"	"selenate"	"Others"
"rxnAGORA4663"	"selenite"	"Others"
"rxnAGORA4668"	"butanol"	"Others"
"rxnAGORA4672"	"Methanethiol"	"Others"
"rxnAGORA4678"	"Indolepropionate"	"Indole"
"rxnAGORA4679"	"(R)-3-(4-Hydroxyphenyl)propionate"	"Benzoic acid"
"rxnAGORA4715"	"2-Oxobutanoate"	"Organic acid"
"rxnAGORA4732"	"2-methylbutyrate"	"Organic acid"
"rxnAGORA4733"	"4-Methylcatechol"	"Catechol"
"rxnAGORA4734"	"5-Aminopentanoate"	"Organic acid"
"rxnAGORA4735"	"Indole-3-propionate"	"Indole"
"rxnAGORA4736"	"p-Cresol"	"Phenol"
"rxnAGORA4783"	"choloyl-CoA(4-)"	"Others"
"rxnAGORA4784"	"chenodeoxycholoyl coenzyme a"	"Others"
"rxnAGORA4785"	"Ursodeoxycholoyl-CoA"	"Bile salt"
"rxnAGORA4786"	"lithocholate"	"Bile salt"
"rxnAGORA4787"	"Ursodiol"	"Bile salt"
"rxnAGORA4788"	"Allodeoxycholic acid"	"Bile salt"
"rxnAGORA4789"	"Allolithocholic acid"	"Bile salt"
"rxnAGORA4790"	"deoxycholic acid"	"Bile salt"
"rxnAGORA4799"	"L-cystine"	"Aminoacid"
"rxnAGORA4800"	"Reduced riboflavin"	"Vitamin "
"rxnAGORA4807"	"p-hydroxyphenylpropionic acid"	"Benzoic acid"
"rxnAGORA4826"	"Valeric Acid"	"Short chain fatty acid"
"rxnAGORA4831"	"Ursocholate"	"Bile salt"
"rxnAGORA4891"	"Ubiquinol-8"	"Others"
"rxnAGORA4941"	"Choline sulfate"	"Others"
"rxnAGORA4947"	"Polysulfide"	"Others"
"rxnAGORA4948"	"Thiamine diphosphate"	"Vitamin"
"rxnAGORA4965"	"cholesterol"	"Cholesterol"
"rxnAGORA4966"	"Coprostanol"	"Others"
"rxnAGORA4978"	"S-Adenosyl-L-homocysteine"	"Aminoacid"
"rxnAGORA5016"	"Methane"	"Others"
"rxnAGORA5017"	"formaldehyde"	"Others"
"rxnAGORA5018"	"Bicarbonate"	"Others"
"rxnAGORA5094"	"Hydrogen peroxide"	"Others"
"rxnAGORA5199"	"Oxaloacetate"	"Others"
"rxnAGORA5208"	"dTDP-L-rhamnose"	"Others"
"rxnAGORA5209"	"UDP-D-glucuronate"	"Others"
"rxnAGORA5260"	"choline phosphate(1-)"	"Others"
"rxnAGORA5313"	"octanoate (n-C8:0)"	"Fatty acid"
"rxnAGORA5317"	"tetradecenoate (n-C14:1)"	"Fatty acid"
"rxnAGORA5319"	"Hexadecenoate (n-C16:1)"	"Fatty acid"
"rxnAGORA5321"	"Urate"	"Others"
"rxnAGORA5323"	"xylitol"	"Polyol"
"rxnAGORA5325"	"Sulfur"	"Mineral"
"rxnAGORA5327"	"retinol"	"Vitamin"
"rxnAGORA5329"	"retinal"	"Vitamin"
"rxnAGORA5331"	"beta-carotene"	"Vitamin"
"rxnAGORA5333"	"L-ascorbate"	"Vitamin"
"rxnAGORA5335"	"phylloquinone"	"Vitamin"
"rxnAGORA5341"	"2,3-Dihydroxybenzoate"	"Benzoic acid"
"rxnAGORA5343"	"Salicylic acid, o-Hydroxybenzoic acid"	"Benzoic acid"
"rxnAGORA5345"	"3,4-Dihydroxyphenylethyleneglycol"	"Benzoic acid"
"rxnAGORA5349"	"4-Hydroxybenzaldehyde (iJN746)"	"Others"
"rxnAGORA5351"	"benzoate"	"Benzoic acid"
"rxnAGORA5353"	"Catechol"	"Others"
"rxnAGORA5355"	"Protocatechuate"	"Benzoic acid"
"rxnDiet1"	"Hexanoate"	"Fatty acid"
"rxnDiet2"	"Decanoate"	"Fatty acid"
"rxnDiet3"	"Pentadecylic acid"	"Fatty acid"
"rxnDiet4"	"Docosanoate"	"Fatty acid"
"rxnDiet6"	"Erucic acid"	"Fatty acid"
"rxnDiet7"	"Linoleate"	"Fatty acid"
"rxnDiet8"	"Linolenate"	"Fatty acid"
"rxnDiet9"	"Stearidonic acid"	"Fatty acid"
"rxnDiet10"	"Arachidonate"	"Fatty acid"
"rxnDiet11"	"Eicosapentaenoic acid"	"Fatty acid"
"rxnDiet13"	"Docosahexaenoic acid"	"Fatty acid"
"rxnDiet14"	"Theobromine"	"Xanthine"
"rxnDiet15"	"Lignin"	"Lignan"
"rxnDiet19"	"F-"	"Mineral"
"rxnDiet21"	"Selenium"	"Mineral"
"rxnDiet26"	"Calcidiol"	"Vitamin"
"rxnDiet27"	"Vitamin D3"	"Vitamin"
"rxnDiet28"	"Vitamin E"	"Vitamin"
"rxnDiet29"	"beta-Tocopherol"	"Vitamin"
"rxnDiet30"	"delta-Tocopherol"	"Vitamin"
"rxnDiet31"	"gamma-Tocopherol"	"Vitamin"
"rxnDiet32"	"alpha-Tocotrienol"	"Vitamin"
"rxnDiet33"	"gamma-Tocotrienol"	"Vitamin"
"rxnDiet35"	"Sitosterol"	"Phytosterol"
"rxnDiet36"	"Brassicasterol"	"Phytosterol"
"rxnDiet37"	"Caffeine"	"Xanthine"
"rxnDiet38"	"Campesterol"	"Phytosterol"
"rxnDiet39"	"alpha-Cryptoxanthin"	"Carotenoid"
"rxnDiet40"	"beta-Cryptoxanthin"	"Carotenoid"
"rxnDiet43"	"Lutein"	"Carotenoid"
"rxnDiet44"	"Lycopene"	"Carotenoid"
"rxnDiet45"	"Neurosporene"	"Carotenoid"
"rxnDiet46"	"Stigmasterol"	"Phytosterol"
"rxnDiet47"	"Zeaxanthin"	"Carotenoid"
"rxnDiet48"	"HMF"	"Others"
"rxnDiet57"	"Cianidanol"	"Flavanols"
"rxnDiet58"	"(+)-Gallocatechin"	"Flavanols"
"rxnDiet59"	"(-)-gallocatechin gallate"	"Flavanols"
"rxnDiet60"	"(-)-Epicatechin"	"Flavanols"
"rxnDiet61"	"(-)-epicatechin-3-O-gallate"	"Flavanols"
"rxnDiet62"	"(-)-Epigallocatechin"	"Flavanols"
"rxnDiet63"	"Epigallocatechin 3-gallate"	"Flavanols"
"rxnDiet64"	"1,4-Naphthoquinone"	"Quinone"
"rxnDiet65"	"3,7-Di-O-methylquercetin"	"Flavonols"
"rxnDiet66"	"Chlorogenate"	"Hydroxycinnamic acid"
"rxnDiet67"	"3-Hydroxybenzoate"	"Benzoic acid"
"rxnDiet68"	"4-ethylguaiacol"	"Others"
"rxnDiet69"	"p-Ethylphenol"	"Others"
"rxnDiet71"	"4-Vinylguaiacol"	"Others"
"rxnDiet72"	"4-Vinylphenol"	"Others"
"rxnDiet73"	"O-Feruloylquinate"	"Hydroxycinnamic acid"
"rxnDiet74"	"Malonyldaidzin"	"Isoflavone"
"rxnDiet75"	"Malonylgenistin"	"Isoflavone"
"rxnDiet76"	"Malonylglycitin"	"Isoflavone"
"rxnDiet78"	"Flavaprenin"	"Flavanone"
"rxnDiet80"	"Apigenin"	"Flavones"
"rxnDiet81"	"Vicenin-2"	"Flavones"
"rxnDiet82"	"Isovitexin"	"Flavones"
"rxnDiet83"	"Cosmetin"	"Flavones"
"rxnDiet84"	"(-)-Arctigenin"	"Lignan"
"rxnDiet85"	"Baicalein"	"Flavones"
"rxnDiet87"	"Biochanin A"	"Isoflavone"
"rxnDiet88"	"Bisdemethoxycurcumin"	"Others"
"rxnDiet89"	"Butein"	"Others"
"rxnDiet90"	"Caffeate"	"Hydroxycinnamic acid"
"rxnDiet92"	"Chrysin"	"Flavones"
"rxnDiet93"	"trans-Cinnamoyl beta-D-glucoside"	"Hydroxycinnamic acid"
"rxnDiet94"	"Cirsilineol"	"Flavones"
"rxnDiet95"	"Scrophulein"	"Flavones"
"rxnDiet96"	"Rattex"	"Coumarin"
"rxnDiet98"	"Curcumin"	"Others"
"rxnDiet99"	"IdB 1027"	"Anthocyanidins"
"rxnDiet100"	"Cyanin"	"Anthocyanidins"
"rxnDiet101"	"Cyanidin 3-(6-p-caffeoyl)glucoside"	"Anthocyanidins"
"rxnDiet102"	"Cyanidin-3-(6'-malonylglucoside)"	"Anthocyanidins"
"rxnDiet103"	"Cyanidin 3-O-(6-O-p-coumaroyl)glucoside"	"Anthocyanidins"
"rxnDiet104"	"Cyanidin 3-O-galactoside"	"Anthocyanidins"
"rxnDiet105"	"Cyanidin 3-O-glucoside"	"Anthocyanidins"
"rxnDiet106"	"Cyanidin 3-O-rutinoside"	"Anthocyanidins"
"rxnDiet107"	"Cyanidin 3-O-beta-D-sambubioside"	"Anthocyanidins"
"rxnDiet108"	"cyanidin 3-sambubioside 5-glucoside"	"Anthocyanidins"
"rxnDiet109"	"Cyanidin 3-O-sophoroside"	"Anthocyanidins"
"rxnDiet110"	"Daidzein"	"Isoflavone"
"rxnDiet111"	"Daidzin"	"Isoflavone"
"rxnDiet112"	"Delphinidin 3-(6-p-coumaroyl)glucoside"	"Anthocyanidins"
"rxnDiet113"	"Mirtillin"	"Anthocyanidins"
"rxnDiet114"	"Tulipanin"	"Anthocyanidins"
"rxnDiet115"	"Delphinidin 3-O-beta-D-sambubioside"	"Anthocyanidins"
"rxnDiet116"	"Demethoxycurcumin"	"Others"
"rxnDiet117"	"Dihydrocaffeic acid"	"Hydroxycinnamic acid"
"rxnDiet118"	"Taxifolin"	"Flavanols"
"rxnDiet119"	"Ellagic acid"	"Ellagitannins"
"rxnDiet120"	"Eriodictyol"	"Flavanone"
"rxnDiet121"	"Esculetin"	"Coumarin"
"rxnDiet122"	"Esculin"	"Coumarin"
"rxnDiet125"	"Ferulaldehyde"	"Hydroxycinnamic acid"
"rxnDiet126"	"Ferulate"	"Hydroxycinnamic acid"
"rxnDiet127"	"Formononetin"	"Isoflavone"
"rxnDiet128"	"Galangin"	"Flavonols"
"rxnDiet129"	"Gallate"	"Ellagitannins"
"rxnDiet130"	"beta-Glucogallin"	"Ellagitannins"
"rxnDiet131"	"Gardenin B"	"Flavones"
"rxnDiet132"	"Genistein"	"Isoflavone"
"rxnDiet133"	"Genistin"	"Isoflavone"
"rxnDiet134"	"Gentisate"	"Benzoic acid"
"rxnDiet135"	"Glycitein"	"Isoflavone"
"rxnDiet136"	"Glycitin"	"Isoflavone"
"rxnDiet137"	"Guaiacol"	"Others"
"rxnDiet138"	"Hesperetin"	"Flavanone"
"rxnDiet139"	"Ciratin"	"Flavanone"
"rxnDiet140"	"Homovanillate"	"Others"
"rxnDiet141"	"3-hydroxytyrosol"	"Others"
"rxnDiet143"	"Isorhamnetin"	"Flavanols"
"rxnDiet144"	"isorhamnetin 3-O-glucoside"	"Flavanols"
"rxnDiet145"	"Juglone"	"Others"
"rxnDiet146"	"Kaempferide"	"Flavonols"
"rxnDiet147"	"Kaempferol"	"Flavonols"
"rxnDiet148"	"kaempferol 3,7-O-diglucoside"	"Flavonols"
"rxnDiet149"	"Trifolin"	"Flavonols"
"rxnDiet150"	"Kaempferol 3-O-glucoside"	"Flavonols"
"rxnDiet151"	"Sophoraflavonoloside"	"Flavonols"
"rxnDiet152"	"kaempferol 7-O-glucoside"	"Flavonols"
"rxnDiet153"	"Lariciresinol"	"Lignan"
"rxnDiet154"	"Luteolin"	"Flavones"
"rxnDiet155"	"Orientin"	"Flavones"
"rxnDiet156"	"Luteolin 7-O-beta-D-diglucuronide"	"Flavones"
"rxnDiet157"	"Luteolin 7-O-glucoside"	"Flavones"
"rxnDiet158"	"Luteolin 7-O-glucuronide"	"Flavones"
"rxnDiet159"	"Enin"	"Anthocyanidins"
"rxnDiet160"	"Matairesinol"	"Lignan"
"rxnDiet161"	"Myricetin"	"Flavonols"
"rxnDiet162"	"Naringenin"	"Flavanone"
"rxnDiet163"	"Prunin"	"Flavanone"
"rxnDiet164"	"Naringin"	"Flavanone"
"rxnDiet165"	"Narirutin"	"Flavanone"
"rxnDiet166"	"Neohesperidin"	"Flavanone"
"rxnDiet167"	"methyl (2S,3E,4S)-4-{2-[2-(3,4-dihydroxyphenyl)ethoxy]-2-oxoethyl}-3-ethylidene-2-hydroxy-3,4-dihydro-2H-pyran-5-carboxylate"	"Secoiridoids"
"rxnDiet168"	"Pelargonidin"	"Anthocyanidins"
"rxnDiet169"	"pelargonidin-3,5-diglucoside"	"Anthocyanidins"
"rxnDiet170"	"Pelargonidin 3-O-(6-O-malonyl-beta-D-glucoside)"	"Anthocyanidins"
"rxnDiet171"	"Pelargonidin 3-glucoside"	"Anthocyanidins"
"rxnDiet172"	"Pelargonidin 3-O-rutinoside"	"Anthocyanidins"
"rxnDiet173"	"Pelargonidin 3-O-beta-D-sambubioside"	"Anthocyanidins"
"rxnDiet174"	"Pelargonidin 3-O-sophoroside"	"Anthocyanidins"
"rxnDiet175"	"Peonidin"	"Anthocyanidins"
"rxnDiet176"	"Peonidin-3-glucoside"	"Anthocyanidins"
"rxnDiet177"	"Petunidin 3-glucoside"	"Anthocyanidins"
"rxnDiet178"	"Phloretin"	"Others"
"rxnDiet179"	"Phlorizin"	"Others"
"rxnDiet180"	"Piceatannol"	"Stilbene"
"rxnDiet181"	"Pinocembrin"	"Flavanone"
"rxnDiet182"	"Pinoresinol"	"Lignan"
"rxnDiet184"	"2,3-trans-proanthocyanidin"	"Proanthocyanidin"
"rxnDiet188"	"Pyrogallol"	"Others"
"rxnDiet189"	"Quercetin"	"Flavonols"
"rxnDiet190"	"quercetin 3,4'-O-diglucoside"	"Flavonols"
"rxnDiet191"	"Hyperin"	"Flavonols"
"rxnDiet192"	"Isotrifoliin"	"Flavonols"
"rxnDiet193"	"Quercitrin"	"Flavonols"
"rxnDiet194"	"Rutin"	"Flavonols"
"rxnDiet195"	"QUOSP"	"Flavonols"
"rxnDiet196"	"quercetin 4'-O-glucoside"	"Flavonols"
"rxnDiet197"	"Resveratrol"	"Stilbene"
"rxnDiet198"	"Rhamnetin"	"Flavonols"
"rxnDiet199"	"Rhoifolin"	"Flavones"
"rxnDiet200"	"Rosmarinate"	"Hydroxycinnamic acid"
"rxnDiet201"	"Sakuranetin"	"Flavanone"
"rxnDiet203"	"Scutellarein"	"Flavones"
"rxnDiet204"	"Secoisolariciresinol"	"Lignan"
"rxnDiet205"	"(+)-sesaminol"	"Others"
"rxnDiet206"	"(+)-sesamolin"	"Lignan"
"rxnDiet207"	"Sinapaldehyde"	"Hydroxycinnamic acid"
"rxnDiet208"	"Sinapate"	"Hydroxycinnamic acid"
"rxnDiet210"	"Syringic acid"	"Others"
"rxnDiet211"	"Tyrosol"	"Others"
"rxnDiet213"	"Vanillate"	"Benzoic acid"
"rxnDiet214"	"Vanillin"	"Benzoic acid"
"rxnDiet215"	"Xanthohumol"	"Others"
"rxnDiet218"	"trans-2-Hydroxycinnamate"	"Hydroxycinnamic acid"
"rxnDiet219"	"4-Coumarate"	"Hydroxycinnamic acid"
"rxnDiet220"	"p-Coumaroyl-D-glucose"	"Hydroxycinnamic acid"
"rxnDiet221"	"(S,S)-Tartaric acid"	"Hydroxycinnamic acid"
"rxnDiet222"	"p-Coumaroyl quinic acid"	"Hydroxycinnamic acid"
"rxnAddEX1"	"Eriocitrin"	"Flavanone"
"rxnAddEX2"	"Oleuropein"	"Secoiridoids"
"rxnAddEX3"	"Neoeriocitrin"	"Flavanone"
"rxnAddEX4"	"6-Prenylnaringenin"	"Flavanone"
"rxnAddEX5"	"Diosmetin"	"Flavones"
"rxnAddEX6"	"Diosmin"	"Flavones"
"rxnAddEX7"	"Dinatin"	"Flavones"
"rxnAddEX8"	"6-Hydroxyluteolin"	"Flavones"
"rxnAddEX9"	"Morin"	"Flavonols"
"rxnAddEX10"	"Myricitrin"	"Flavonols"
"rxnAddEX11"	"Nobiletin"	"Flavones"
"rxnAddEX12"	"Sinensetin"	"Flavones"
"rxnAddEX13"	"Tangeretin"	"Flavones"
"rxnAddEX14"	"Procyanidin B1"	"Anthocyanidins"
"rxnAddEX15"	"Procyanidin B4"	"Proanthocyanidin"
"rxnAddEX16"	"Chicoric acid"	"Hydroxycinnamic acid"
"rxnAddEX17"	"4-p-Coumaroylquinic acid"	"Hydroxycinnamic acid"
"rxnAddEX18"	"Isochlorogenic acid B"	"Hydroxycinnamic acid"
"rxnAddEX19"	"Isoferulic acid"	"Hydroxycinnamic acid"
"rxnAddEX20"	"Nortrachelogenin"	"Lignan"
"rxnAddEX21"	"Theogallin"	"Others"
"rxnAddEX22"	"Sesamin"	"Lignan"
"rxnAddEX23"	"Sesamolinol"	"Lignan"
"rxnAddEX24"	"Trachelogenin"	"Lignan"
"rxnAddEX25"	"3-Methylgalangin"	"Flavonols"
"rxnAddEX27"	"Tetra-O-methylscutellarein"	"Flavones"
"rxnAddEX28"	"Procyanidin C1"	"Proanthocyanidin"
"rxnAddEX29"	"Cinnamtannin A2"	"Others"
"rxnAddEX30"	"Procyanidin B2"	"Proanthocyanidin"
"rxnAddEX31"	"Procyanidin B5"	"Proanthocyanidin"
"rxnAddEX32"	"Isoxanthohumol"	"Flavanone"
"rxnAddEX33"	"3,5-Dihydroxybenzoate"	"Benzoic acid"
"rxnAddEX34"	"2,6-Dihydroxybenzoate"	"Benzoic acid"
"rxnAddEX35"	"(+)-episesamin"	"Lignan"
"rxnAddEX36"	"(-)-syringaresinol"	"Lignan"
"rxnAddEX37"	"demethyloleuropein"	"Secoiridoids"
"rxnAddEX38"	"ligstroside"	"Lignan"
"rxnAddEX40"	"Enterodiol"	"Lignan"
"rxnAddEX41"	"Enterolactone"	"Lignan"
"rxnAddEX43"	"3,4-Dimethoxybenzoate"	"Benzoic acid"
"rxnAddEX45"	"O-Desmethylangolensin"	"Isoflavone"
"rxnAddEX46"	"6'-Hydroxy-O-desmethylangolensin"	"Isoflavone"
"rxnAddEX47"	"2-(3,5-Dihydroxyphenyl)acetic acid"	"Benzoic acid"
"rxnAddEX48"	"2-(4-Hydroxyphenyl)propionic acid"	"Benzoic acid"
"rxnAddEX50"	"5-(3',4'-Dihydroxyphenyl)-gamma-valerolactone"	"Lactone"
"rxnAddEX51"	"5-(3',5'-Dihydroxyphenyl)-gamma-valerolactone"	"Lactone"
"rxnAddEX52"	"5-(3,4-Dihydroxyphenyl)valeric acid"	"Benzoic acid"
"rxnAddEX53"	"Lunularin"	"Stilbene"
"rxnAddEX54"	"Dihydroresveratrol"	"Stilbene"
"rxnAddEX55"	"4-Methoxyphenylacetic acid"	"Benzoic acid"
"rxnAddEX56"	"3,4-Dimethoxyphenylacetic acid"	"Benzoic acid"
"rxnAddEX57"	"1,2,3,5-Tetrahydroxybenzene"	"Benzoic acid"
"rxnAddEX58"	"3,4'-Dihydroxystilbene"	"Stilbene"
"rxnAddEX59"	"2-Methoxy-phloroglucinol"	"Benzoic alcohol"
"rxnAddEX60"	"3-(4-Methoxyphenyl)propionic acid"	"Benzoic acid"
"rxnAddEX61"	"2-(3,4-Dihydroxy-5-methoxyphenyl)acetic acid"	"Benzoic acid"
"rxnAddNewEX1"	"Nicotinamide adenine dinucleotide"	"Vitamin"
"rxnAddNewEX2"	"Nicotinamide adenine dinucleotide - reduced"	"Vitamin"
"rxnAddNewEX3"	"Quinate"	"Organic acid"
"rxnAddNewEX5"	"Phloroglucinol"	"Phenol"
"rxnAddNewEX6"	"3,5-Dihydroxy-1,4-naphthoquinone"	"Others"
"rxnAddNewEX7"	"Equol"	"Isoflavone"
"rxnAddNewEX8"	"tetrahydrocurcumin"	"Curcumin"
"rxnAddNewEX9"	"3,5-dihydroxy-1,4-naphthoquinol"	"Others"
"rxnAddNewEX10"	"3-hydroxy-urolithin"	"Benzo-coumarin"
"rxnAddNewEX11"	"3,8-dihydroxy-urolithin"	"Benzo-coumarin"
"rxnAddNewEX12"	"3,9-dihydroxy-urolithin"	"Benzo-coumarin"
"rxnAddNewEX13"	"L-tartrate"	"Organic acid"
"rxnTransport1"	"sn-Glycero-3-phosphocholine"	"Others"
"rxnTransport2"	"beta D-glucose"	"Sugar"
"rxnTransport3"	"imidazol-4-ylacetate"	"Others"
"rxnTransport4"	"Isomaltose,  Brachiose"	"Sugar"
"rxnTransport5"	"Orotate"	"Others"
"rxnTransport6"	"phosphatidylethanolamine (dioctadec-11-enoyl, n-C18:1)"	"Others"
"rxnTransport7"	"trimethylenediaminium"	"Others"
"rxnTransport8"	"D-3-Amino-isobutanoate"	"Aminoacid"
"rxnTransport10"	"4-Guanidinobutanoate"	"Nucleotide"
"rxnTransport11"	"5-oxoprolinate"	"Aminoacid"
"rxnTransport12"	"Methylmalonate"	"Organic acid"
"rxnTransport13"	"N-acetyl-L-aspartate(2-)"	"Aminoacid"
"rxnTransport14"	"L-citrulline"	"Aminoacid"
"rxnTransport16"	"glutaryl-CoA(5-)"	"Others"
"rxnTransport17"	"homogentisate"	"Others"
"rxnTransport18"	"Melilotate"	"Others"
"rxnTransport19"	"methylammonium"	"Others"
"rxnTransport20"	"Sarcosine"	"Others"
"rxnTransport21"	"Tricarballylate"	"Others"
"rxnTransport22"	"hexanal"	"Others"
"rxnTransport23"	"S-Methyl-L-methionine"	"Aminoacid"
"rxnTransport25"	"L-gulono-1,4-lactone"	"Others"
"rxnTransport26"	"N,N-dimethylglycine"	"Aminoacid"
"rxnTransport27"	"L-2-aminoadipate(1-)"	"Others"
"rxnTransport28"	"spermine(4+)"	"Polyamine"
"rxnTransport29"	"2-Furoate"	"Others"
"rxnTransport30"	"Phloretate"	"Others"
"rxnTransport31"	"beta-L-Rhamnose"	"Sugar"
"rxnTransport32"	"beta-D-Glucuronic acid"	"Aminoacid"
"rxnTransport33"	"Paraxanthine"	"Others"
"rxnTransport35"	"7-Methylxanthine"	"Xanthine"
"rxnTransport36"	"1-Methylxanthine"	"Xanthine"
"rxnTransport37"	"(24S)-methylcholest-5-en-3beta-ol"	"Others"
