rxnID	metNames
rxnAGORA618	cardiolipin (tetraoctadecanoyl, n-C18:0)
rxnAGORA619	cardiolipin (14-methyl-hexadecanoyl, anteiso-C17)
rxnAGORA620	cardiolipin (15-methyl-hexadecanoyl, iso-C17)
rxnAGORA621	4,5-dihydroxy-2,3-pentanedione
rxnAGORA853	4-Aminobutanoate
rxnAGORA854	mucin-type O-glycan No 10
rxnAGORA855	mucin-type O-glycan No 100
rxnAGORA856	released mucin-type O-glycan No 100
rxnAGORA857	mucin-type O-glycan No 101
rxnAGORA858	released mucin-type O-glycan No 101
rxnAGORA859	mucin-type O-glycan No 102
rxnAGORA860	released mucin-type O-glycan No 102
rxnAGORA861	mucin-type O-glycan No 103
rxnAGORA862	released mucin-type O-glycan No 103
rxnAGORA863	mucin-type O-glycan No 104
rxnAGORA864	released mucin-type O-glycan No 104
rxnAGORA865	mucin-type O-glycan No 105
rxnAGORA866	released mucin-type O-glycan No 105
rxnAGORA867	mucin-type O-glycan No 106
rxnAGORA868	released mucin-type O-glycan No 106
rxnAGORA869	mucin-type O-glycan No 107
rxnAGORA870	released mucin-type O-glycan No 107
rxnAGORA871	mucin-type O-glycan No 108
rxnAGORA872	released mucin-type O-glycan No 108
rxnAGORA873	mucin-type O-glycan No 109
rxnAGORA874	released mucin-type O-glycan No 109
rxnAGORA875	released mucin-type O-glycan No 10
rxnAGORA876	mucin-type O-glycan No 110
rxnAGORA877	released mucin-type O-glycan No 110
rxnAGORA878	mucin-type O-glycan No 111
rxnAGORA879	released mucin-type O-glycan No 111
rxnAGORA880	mucin-type O-glycan No 112
rxnAGORA881	released mucin-type O-glycan No 112
rxnAGORA882	mucin-type O-glycan No 113
rxnAGORA883	released mucin-type O-glycan No 113
rxnAGORA884	mucin-type O-glycan No 114
rxnAGORA885	released mucin-type O-glycan No 114
rxnAGORA886	mucin-type O-glycan No 115
rxnAGORA887	released mucin-type O-glycan No 115
rxnAGORA888	mucin-type O-glycan No 116
rxnAGORA889	released mucin-type O-glycan No 116
rxnAGORA890	mucin-type O-glycan No 117
rxnAGORA891	released mucin-type O-glycan No 117
rxnAGORA892	mucin-type O-glycan No 118
rxnAGORA893	released mucin-type O-glycan No 118
rxnAGORA894	mucin-type O-glycan No 119
rxnAGORA895	released mucin-type O-glycan No 119
rxnAGORA896	mucin-type O-glycan No 12
rxnAGORA897	mucin-type O-glycan No 120
rxnAGORA898	released mucin-type O-glycan No 120
rxnAGORA899	mucin-type O-glycan No 121
rxnAGORA900	released mucin-type O-glycan No 121
rxnAGORA901	mucin-type O-glycan No 122
rxnAGORA902	released mucin-type O-glycan No 122
rxnAGORA903	mucin-type O-glycan No 123
rxnAGORA904	released mucin-type O-glycan No 123
rxnAGORA905	mucin-type O-glycan No 124
rxnAGORA906	released mucin-type O-glycan No 124
rxnAGORA907	mucin-type O-glycan No 126
rxnAGORA908	released mucin-type O-glycan No 126
rxnAGORA909	mucin-type O-glycan No 127
rxnAGORA910	released mucin-type O-glycan No 127
rxnAGORA911	mucin-type O-glycan No 128
rxnAGORA912	released mucin-type O-glycan No 128
rxnAGORA913	mucin-type O-glycan No 129
rxnAGORA914	released mucin-type O-glycan No 129
rxnAGORA915	released mucin-type O-glycan No 12
rxnAGORA916	mucin-type O-glycan No 13
rxnAGORA917	mucin-type O-glycan No 130
rxnAGORA918	released mucin-type O-glycan No 130
rxnAGORA919	mucin-type O-glycan No 131
rxnAGORA920	released mucin-type O-glycan No 131
rxnAGORA921	mucin-type O-glycan No 132
rxnAGORA922	released mucin-type O-glycan No 132
rxnAGORA923	mucin-type O-glycan No 133
rxnAGORA924	released mucin-type O-glycan No 133
rxnAGORA925	mucin-type O-glycan No 134
rxnAGORA926	released mucin-type O-glycan No 134
rxnAGORA927	mucin-type O-glycan No 135
rxnAGORA928	released mucin-type O-glycan No 135
rxnAGORA929	mucin-type O-glycan No 136
rxnAGORA930	released mucin-type O-glycan No 136
rxnAGORA931	mucin-type O-glycan No 137
rxnAGORA932	released mucin-type O-glycan No 137
rxnAGORA933	mucin-type O-glycan No 138
rxnAGORA934	released mucin-type O-glycan No 138
rxnAGORA935	mucin-type O-glycan No 139
rxnAGORA936	released mucin-type O-glycan No 139
rxnAGORA937	released mucin-type O-glycan No 13
rxnAGORA938	mucin-type O-glycan No 14
rxnAGORA939	mucin-type O-glycan No 140
rxnAGORA940	released mucin-type O-glycan No 140
rxnAGORA941	mucin-type O-glycan No 141
rxnAGORA942	released mucin-type O-glycan No 141
rxnAGORA943	mucin-type O-glycan No 142
rxnAGORA944	released mucin-type O-glycan No 142
rxnAGORA945	mucin-type O-glycan No 143
rxnAGORA946	released mucin-type O-glycan No 143
rxnAGORA947	mucin-type O-glycan No 144
rxnAGORA948	released mucin-type O-glycan No 144
rxnAGORA949	mucin-type O-glycan No 145
rxnAGORA950	released mucin-type O-glycan No 145
rxnAGORA951	mucin-type O-glycan No 146
rxnAGORA952	released mucin-type O-glycan No 146
rxnAGORA953	mucin-type O-glycan No 147
rxnAGORA954	released mucin-type O-glycan No 147
rxnAGORA955	mucin-type O-glycan No 148
rxnAGORA956	released mucin-type O-glycan No 148
rxnAGORA957	mucin-type O-glycan No 149
rxnAGORA958	released mucin-type O-glycan No 149
rxnAGORA959	released mucin-type O-glycan No 14
rxnAGORA960	mucin-type O-glycan No 15
rxnAGORA961	mucin-type O-glycan No 150
rxnAGORA962	released mucin-type O-glycan No 150
rxnAGORA963	mucin-type O-glycan No 151
rxnAGORA964	released mucin-type O-glycan No 151
rxnAGORA965	mucin-type O-glycan No 152
rxnAGORA966	released mucin-type O-glycan No 152
rxnAGORA967	mucin-type O-glycan No 153
rxnAGORA968	released mucin-type O-glycan No 153
rxnAGORA969	mucin-type O-glycan No 154
rxnAGORA970	released mucin-type O-glycan No 154
rxnAGORA971	mucin-type O-glycan No 155
rxnAGORA972	released mucin-type O-glycan No 155
rxnAGORA973	mucin-type O-glycan No 156
rxnAGORA974	released mucin-type O-glycan No 156
rxnAGORA975	mucin-type O-glycan No 157
rxnAGORA976	released mucin-type O-glycan No 157
rxnAGORA977	mucin-type O-glycan No 158
rxnAGORA978	released mucin-type O-glycan No 158
rxnAGORA979	mucin-type O-glycan No 159
rxnAGORA980	released mucin-type O-glycan No 159
rxnAGORA981	released mucin-type O-glycan No 15
rxnAGORA982	mucin-type O-glycan No 16
rxnAGORA983	mucin-type O-glycan No 160
rxnAGORA984	released mucin-type O-glycan No 160
rxnAGORA985	mucin-type O-glycan No 161
rxnAGORA986	released mucin-type O-glycan No 161
rxnAGORA987	mucin-type O-glycan No 162
rxnAGORA988	released mucin-type O-glycan No 162
rxnAGORA989	mucin-type O-glycan No 163
rxnAGORA990	released mucin-type O-glycan No 163
rxnAGORA991	mucin-type O-glycan No 164
rxnAGORA992	released mucin-type O-glycan No 164
rxnAGORA993	mucin-type O-glycan No 165
rxnAGORA994	released mucin-type O-glycan No 165
rxnAGORA995	mucin-type O-glycan No 166
rxnAGORA996	released mucin-type O-glycan No 166
rxnAGORA997	mucin-type O-glycan No 167
rxnAGORA998	released mucin-type O-glycan No 167
rxnAGORA999	mucin-type O-glycan No 168
rxnAGORA1000	released mucin-type O-glycan No 168
rxnAGORA1001	mucin-type O-glycan No 169
rxnAGORA1002	released mucin-type O-glycan No 169
rxnAGORA1003	released mucin-type O-glycan No 16
rxnAGORA1004	mucin-type O-glycan No 17
rxnAGORA1005	mucin-type O-glycan No 170
rxnAGORA1006	released mucin-type O-glycan No 170
rxnAGORA1007	mucin-type O-glycan No 171
rxnAGORA1008	released mucin-type O-glycan No 171
rxnAGORA1009	mucin-type O-glycan No 172
rxnAGORA1010	released mucin-type O-glycan No 172
rxnAGORA1011	mucin-type O-glycan No 173
rxnAGORA1012	released mucin-type O-glycan No 173
rxnAGORA1013	mucin-type O-glycan No 174
rxnAGORA1014	released mucin-type O-glycan No 174
rxnAGORA1015	mucin-type O-glycan No 175
rxnAGORA1016	released mucin-type O-glycan No 175
rxnAGORA1017	mucin-type O-glycan No 176
rxnAGORA1018	released mucin-type O-glycan No 176
rxnAGORA1019	mucin-type O-glycan No 177
rxnAGORA1020	released mucin-type O-glycan No 177
rxnAGORA1021	mucin-type O-glycan No 178
rxnAGORA1022	released mucin-type O-glycan No 178
rxnAGORA1023	mucin-type O-glycan No 179
rxnAGORA1024	released mucin-type O-glycan No 179
rxnAGORA1025	released mucin-type O-glycan No 17
rxnAGORA1026	mucin-type O-glycan No 18
rxnAGORA1027	mucin-type O-glycan No 180
rxnAGORA1028	released mucin-type O-glycan No 180
rxnAGORA1029	mucin-type O-glycan No 181
rxnAGORA1030	released mucin-type O-glycan No 181
rxnAGORA1031	mucin-type O-glycan No 182
rxnAGORA1032	released mucin-type O-glycan No 182
rxnAGORA1033	mucin-type O-glycan No 183
rxnAGORA1034	released mucin-type O-glycan No 183
rxnAGORA1035	mucin-type O-glycan No 185
rxnAGORA1036	released mucin-type O-glycan No 185
rxnAGORA1037	mucin-type O-glycan No 186
rxnAGORA1038	released mucin-type O-glycan No 186
rxnAGORA1039	mucin-type O-glycan No 187
rxnAGORA1040	released mucin-type O-glycan No 187
rxnAGORA1041	mucin-type O-glycan No 188
rxnAGORA1042	released mucin-type O-glycan No 188
rxnAGORA1043	mucin-type O-glycan No 189
rxnAGORA1044	released mucin-type O-glycan No 189
rxnAGORA1045	released mucin-type O-glycan No 18
rxnAGORA1046	mucin-type O-glycan No 19
rxnAGORA1047	mucin-type O-glycan No 190
rxnAGORA1048	released mucin-type O-glycan No 190
rxnAGORA1049	mucin-type O-glycan No 191
rxnAGORA1050	released mucin-type O-glycan No 191
rxnAGORA1051	mucin-type O-glycan No 192
rxnAGORA1052	released mucin-type O-glycan No 192
rxnAGORA1053	mucin-type O-glycan No 193
rxnAGORA1054	released mucin-type O-glycan No 193
rxnAGORA1055	mucin-type O-glycan No 194
rxnAGORA1056	released mucin-type O-glycan No 194
rxnAGORA1057	mucin-type O-glycan No 195
rxnAGORA1058	released mucin-type O-glycan No 195
rxnAGORA1059	mucin-type O-glycan No 196
rxnAGORA1060	released mucin-type O-glycan No 196
rxnAGORA1061	released mucin-type O-glycan No 19
rxnAGORA1062	mucin-type O-glycan No 2
rxnAGORA1063	mucin-type O-glycan No 20
rxnAGORA1064	released mucin-type O-glycan No 20
rxnAGORA1065	mucin-type O-glycan No 21
rxnAGORA1066	released mucin-type O-glycan No 21
rxnAGORA1067	mucin-type O-glycan No 22
rxnAGORA1068	released mucin-type O-glycan No 22
rxnAGORA1069	mucin-type O-glycan No 23
rxnAGORA1070	released mucin-type O-glycan No 23
rxnAGORA1071	mucin-type O-glycan No 24
rxnAGORA1072	released mucin-type O-glycan No 24
rxnAGORA1073	mucin-type O-glycan No 25
rxnAGORA1074	released mucin-type O-glycan No 25
rxnAGORA1075	mucin-type O-glycan No 26
rxnAGORA1076	released mucin-type O-glycan No 26
rxnAGORA1077	mucin-type O-glycan No 27
rxnAGORA1078	released mucin-type O-glycan No 27
rxnAGORA1079	mucin-type O-glycan No 28
rxnAGORA1080	released mucin-type O-glycan No 28
rxnAGORA1081	mucin-type O-glycan No 29
rxnAGORA1082	released mucin-type O-glycan No 29
rxnAGORA1083	released mucin-type O-glycan No 2
rxnAGORA1084	mucin-type O-glycan No 3
rxnAGORA1085	mucin-type O-glycan No 30
rxnAGORA1086	released mucin-type O-glycan No 30
rxnAGORA1087	mucin-type O-glycan No 31
rxnAGORA1088	released mucin-type O-glycan No 31
rxnAGORA1089	mucin-type O-glycan No 32
rxnAGORA1090	released mucin-type O-glycan No 32
rxnAGORA1091	mucin-type O-glycan No 33
rxnAGORA1092	released mucin-type O-glycan No 33
rxnAGORA1093	mucin-type O-glycan No 34
rxnAGORA1094	released mucin-type O-glycan No 34
rxnAGORA1095	mucin-type O-glycan No 35
rxnAGORA1096	released mucin-type O-glycan No 35
rxnAGORA1097	mucin-type O-glycan No 36
rxnAGORA1098	released mucin-type O-glycan No 36
rxnAGORA1099	mucin-type O-glycan No 37
rxnAGORA1100	released mucin-type O-glycan No 37
rxnAGORA1101	mucin-type O-glycan No 38
rxnAGORA1102	released mucin-type O-glycan No 38
rxnAGORA1103	mucin-type O-glycan No 39
rxnAGORA1104	released mucin-type O-glycan No 39
rxnAGORA1105	released mucin-type O-glycan No 3
rxnAGORA1106	mucin-type O-glycan No 4
rxnAGORA1107	mucin-type O-glycan No 40
rxnAGORA1108	released mucin-type O-glycan No 40
rxnAGORA1109	mucin-type O-glycan No 41
rxnAGORA1110	released mucin-type O-glycan No 41
rxnAGORA1111	mucin-type O-glycan No 42
rxnAGORA1112	released mucin-type O-glycan No 42
rxnAGORA1113	mucin-type O-glycan No 45
rxnAGORA1114	released mucin-type O-glycan No 45
rxnAGORA1115	mucin-type O-glycan No 46
rxnAGORA1116	released mucin-type O-glycan No 46
rxnAGORA1117	mucin-type O-glycan No 47
rxnAGORA1118	released mucin-type O-glycan No 47
rxnAGORA1119	mucin-type O-glycan No 48
rxnAGORA1120	released mucin-type O-glycan No 48
rxnAGORA1121	released mucin-type O-glycan No 4
rxnAGORA1122	mucin-type O-glycan No 5
rxnAGORA1123	mucin-type O-glycan No 50
rxnAGORA1124	released mucin-type O-glycan No 50
rxnAGORA1125	mucin-type O-glycan No 51
rxnAGORA1126	released mucin-type O-glycan No 51
rxnAGORA1127	mucin-type O-glycan No 53
rxnAGORA1128	released mucin-type O-glycan No 53
rxnAGORA1129	mucin-type O-glycan No 54
rxnAGORA1130	released mucin-type O-glycan No 54
rxnAGORA1131	mucin-type O-glycan No 55
rxnAGORA1132	released mucin-type O-glycan No 55
rxnAGORA1133	mucin-type O-glycan No 56
rxnAGORA1134	released mucin-type O-glycan No 56
rxnAGORA1135	mucin-type O-glycan No 57
rxnAGORA1136	released mucin-type O-glycan No 57
rxnAGORA1137	mucin-type O-glycan No 58
rxnAGORA1138	released mucin-type O-glycan No 58
rxnAGORA1139	mucin-type O-glycan No 59
rxnAGORA1140	released mucin-type O-glycan No 59
rxnAGORA1141	released mucin-type O-glycan No 5
rxnAGORA1142	mucin-type O-glycan No 6
rxnAGORA1143	mucin-type O-glycan No 60
rxnAGORA1144	released mucin-type O-glycan No 60
rxnAGORA1145	mucin-type O-glycan No 61
rxnAGORA1146	released mucin-type O-glycan No 61
rxnAGORA1147	mucin-type O-glycan No 62
rxnAGORA1148	released mucin-type O-glycan No 62
rxnAGORA1149	mucin-type O-glycan No 63
rxnAGORA1150	released mucin-type O-glycan No 63
rxnAGORA1151	mucin-type O-glycan No 64
rxnAGORA1152	released mucin-type O-glycan No 64
rxnAGORA1153	mucin-type O-glycan No 65
rxnAGORA1154	released mucin-type O-glycan No 65
rxnAGORA1155	mucin-type O-glycan No 66
rxnAGORA1156	released mucin-type O-glycan No 66
rxnAGORA1157	mucin-type O-glycan No 67
rxnAGORA1158	released mucin-type O-glycan No 67
rxnAGORA1159	mucin-type O-glycan No 68
rxnAGORA1160	released mucin-type O-glycan No 68
rxnAGORA1161	mucin-type O-glycan No 69
rxnAGORA1162	released mucin-type O-glycan No 69
rxnAGORA1163	released mucin-type O-glycan No 6
rxnAGORA1164	mucin-type O-glycan No 7
rxnAGORA1165	mucin-type O-glycan No 70
rxnAGORA1166	released mucin-type O-glycan No 70
rxnAGORA1167	mucin-type O-glycan No 71
rxnAGORA1168	released mucin-type O-glycan No 71
rxnAGORA1169	mucin-type O-glycan No 72
rxnAGORA1170	released mucin-type O-glycan No 72
rxnAGORA1171	mucin-type O-glycan No 73
rxnAGORA1172	released mucin-type O-glycan No 73
rxnAGORA1173	mucin-type O-glycan No 74
rxnAGORA1174	released mucin-type O-glycan No 74
rxnAGORA1175	mucin-type O-glycan No 75
rxnAGORA1176	released mucin-type O-glycan No 75
rxnAGORA1177	mucin-type O-glycan No 76
rxnAGORA1178	released mucin-type O-glycan No 76
rxnAGORA1179	mucin-type O-glycan No 77
rxnAGORA1180	released mucin-type O-glycan No 77
rxnAGORA1181	mucin-type O-glycan No 78
rxnAGORA1182	released mucin-type O-glycan No 78
rxnAGORA1183	mucin-type O-glycan No 79
rxnAGORA1184	released mucin-type O-glycan No 79
rxnAGORA1185	released mucin-type O-glycan No 7
rxnAGORA1186	mucin-type O-glycan No 8
rxnAGORA1187	mucin-type O-glycan No 80
rxnAGORA1188	released mucin-type O-glycan No 80
rxnAGORA1189	mucin-type O-glycan No 81
rxnAGORA1190	released mucin-type O-glycan No 81
rxnAGORA1191	mucin-type O-glycan No 82
rxnAGORA1192	released mucin-type O-glycan No 82
rxnAGORA1193	mucin-type O-glycan No 83
rxnAGORA1194	released mucin-type O-glycan No 83
rxnAGORA1195	mucin-type O-glycan No 84
rxnAGORA1196	released mucin-type O-glycan No 84
rxnAGORA1197	mucin-type O-glycan No 85
rxnAGORA1198	released mucin-type O-glycan No 85
rxnAGORA1199	mucin-type O-glycan No 86
rxnAGORA1200	released mucin-type O-glycan No 86
rxnAGORA1201	mucin-type O-glycan No 87
rxnAGORA1202	released mucin-type O-glycan No 87
rxnAGORA1203	mucin-type O-glycan No 88
rxnAGORA1204	released mucin-type O-glycan No 88
rxnAGORA1205	mucin-type O-glycan No 89
rxnAGORA1206	released mucin-type O-glycan No 89
rxnAGORA1207	released mucin-type O-glycan No 8
rxnAGORA1208	mucin-type O-glycan No 9
rxnAGORA1209	mucin-type O-glycan No 90
rxnAGORA1210	released mucin-type O-glycan No 90
rxnAGORA1211	mucin-type O-glycan No 91
rxnAGORA1212	released mucin-type O-glycan No 91
rxnAGORA1213	mucin-type O-glycan No 92
rxnAGORA1214	released mucin-type O-glycan No 92
rxnAGORA1215	mucin-type O-glycan No 93
rxnAGORA1216	released mucin-type O-glycan No 93
rxnAGORA1217	mucin-type O-glycan No 94
rxnAGORA1218	released mucin-type O-glycan No 94
rxnAGORA1219	mucin-type O-glycan No 95
rxnAGORA1220	released mucin-type O-glycan No 95
rxnAGORA1221	mucin-type O-glycan No 96
rxnAGORA1222	released mucin-type O-glycan No 96
rxnAGORA1223	mucin-type O-glycan No 97
rxnAGORA1224	released mucin-type O-glycan No 97
rxnAGORA1225	mucin-type O-glycan No 98
rxnAGORA1226	released mucin-type O-glycan No 98
rxnAGORA1227	mucin-type O-glycan No 99
rxnAGORA1228	released mucin-type O-glycan No 99
rxnAGORA1229	released mucin-type O-glycan No 9
rxnAGORA1230	protein-linked serine or threonine residue (O-glycosylation site)
rxnAGORA1231	T antigen (core 1)
rxnAGORA1232	Tn antigen
rxnAGORA1233	acetate
rxnAGORA1234	acetaldehyde
rxnAGORA1235	N-acetyl-D-galactosamine
rxnAGORA1236	N-acetyl-D-glucosamine
rxnAGORA1237	N-acetylneuraminate
rxnAGORA1238	Alpha-2,6-N-acetylneuraminate-N-acetylgalactosamine
rxnAGORA1239	Adenosylcobalamin
rxnAGORA1240	Beta-1,3-N,N-diacetylgalactosamine
rxnAGORA1241	Beta-1,6-N,N-diacetylgalactosamine
rxnAGORA1242	Beta-1,3-N-acetylglucosamine-N-acetylgalactosamine
rxnAGORA1243	Beta-1,6-N-acetylglucosamine-N-acetylgalactosamine
rxnAGORA1244	L-alanine
rxnAGORA1245	L-alanyl-L-aspartate
rxnAGORA1246	L-alanyl-L-glutamine
rxnAGORA1247	L-alanyl-L-glutamate
rxnAGORA1248	L-alanylglycine
rxnAGORA1249	L-alanyl-L-histidine
rxnAGORA1250	L-alanyl-L-leucine
rxnAGORA1251	L-alanyl-L-threonine
rxnAGORA1252	L-arabinose
rxnAGORA1253	L-argininium(1+)
rxnAGORA1255	L-asparagine
rxnAGORA1258	L-aspartate(1-)
rxnAGORA1259	Produced biomass
rxnAGORA1260	Biotin
rxnAGORA1261	calcium(2+)
rxnAGORA1262	Cob(I)alamin
rxnAGORA1265	L-cysteinylglycine
rxnAGORA1266	Citrate
rxnAGORA1267	Chloride
rxnAGORA1268	carbon dioxide
rxnAGORA1269	Co2+
rxnAGORA1270	Core 2
rxnAGORA1271	released Core 2
rxnAGORA1272	Core 3
rxnAGORA1273	Core 4
rxnAGORA1274	released Core 4
rxnAGORA1275	Core 5
rxnAGORA1276	Core 6
rxnAGORA1277	Core 7
rxnAGORA1278	Core 8
rxnAGORA1279	Cu2+
rxnAGORA1280	L-cysteine
rxnAGORA1281	Dextrin
rxnAGORA1282	2-deoxy-D-ribose
rxnAGORA1283	disialyl-T antigen
rxnAGORA1284	released disialyl-T antigen
rxnAGORA1285	ethanol
rxnAGORA1286	F1alpha
rxnAGORA1287	released F1alpha antigen
rxnAGORA1288	Fe2+
rxnAGORA1289	Fe3+
rxnAGORA1290	Folate
rxnAGORA1291	Formate
rxnAGORA1292	L-fucose
rxnAGORA1293	D-Galactose
rxnAGORA1294	Alpha-1,3-Galactose-N-acetylgalactosamine
rxnAGORA1295	Beta-1,3-Galactose-N-acetylgalactosamine
rxnAGORA1296	D-glucose
rxnAGORA1297	L-glutamine
rxnAGORA1298	L-glutamate(1-)
rxnAGORA1299	Glycine
rxnAGORA1300	Glycyl-L-asparagine
rxnAGORA1301	Glycyl-L-aspartate
rxnAGORA1302	glycine betaine
rxnAGORA1303	Glycerol 3-phosphate
rxnAGORA1304	Gly-Cys
rxnAGORA1305	Glycyl-L-glutamine
rxnAGORA1306	Glycyl-L-glutamate
rxnAGORA1307	Glycylleucine
rxnAGORA1308	Glycyl-L-methionine
rxnAGORA1309	Glycylphenylalanine
rxnAGORA1310	Glycylproline
rxnAGORA1311	Glycyl-L-tyrosine
rxnAGORA1312	GlcNAc-alpha-1,4-Core 1
rxnAGORA1313	released GlcNAc-alpha-1,4-Core 1
rxnAGORA1314	GlcNAc-alpha-1,4-Core 2
rxnAGORA1315	released GlcNAc-alpha-1,4-Core 2
rxnAGORA1316	proton
rxnAGORA1317	Water
rxnAGORA1319	L-histidine
rxnAGORA1320	Hypoxanthine
rxnAGORA1321	L-isoleucine
rxnAGORA1322	potassium
rxnAGORA1323	(R)-lactate
rxnAGORA1324	(S)-lactate
rxnAGORA1325	Lactose
rxnAGORA1326	L-leucine
rxnAGORA1327	L-lysinium(1+)
rxnAGORA1328	Maltose
rxnAGORA1329	Maltohexaose
rxnAGORA1330	maltotriose
rxnAGORA1331	mannotriose (beta-1,4)
rxnAGORA1332	D-Methionine
rxnAGORA1333	L-methionine
rxnAGORA1334	L-methionyl-L-alanine
rxnAGORA1336	L-Methionine Sulfoxide
rxnAGORA1337	magnesium
rxnAGORA1338	Mn2+
rxnAGORA1339	Menaquinone 7
rxnAGORA1340	Sodium
rxnAGORA1341	Nicotinate
rxnAGORA1342	Ammonium
rxnAGORA1343	O2
rxnAGORA1344	octadecanoate (n-C18:0)
rxnAGORA1345	Ornithine
rxnAGORA1347	L-phenylalanine
rxnAGORA1348	Protoheme
rxnAGORA1349	hydrogenphosphate
rxnAGORA1350	(R)-Pantothenate
rxnAGORA1351	L-proline
rxnAGORA1352	pullulan (n=1200 repeat units, alpha-1,4 and alph-1,6 bounds)
rxnAGORA1353	Pyridoxal
rxnAGORA1354	D-ribose
rxnAGORA1355	Riboflavin
rxnAGORA1356	sialyl-T antigen
rxnAGORA1357	released sialyl-Tn antigen
rxnAGORA1358	sialyl-Tn antigen
rxnAGORA1359	L-serine
rxnAGORA1360	Siroheme
rxnAGORA1361	sulfate
rxnAGORA1362	Spermidine
rxnAGORA1363	Stachyose
rxnAGORA1364	Succinate
rxnAGORA1365	Sucrose
rxnAGORA1366	Taurine
rxnAGORA1367	Thiamin
rxnAGORA1368	L-threonine
rxnAGORA1369	Thymidine
rxnAGORA1370	trimethylamine
rxnAGORA1371	Trehalose
rxnAGORA1372	L-tryptophan
rxnAGORA1373	L-tyrosine
rxnAGORA1374	L-valine
rxnAGORA1375	aldehydo-D-xylose
rxnAGORA1376	Zinc
rxnAGORA2413	DNA replication
rxnAGORA2414	Protein biosynthesis
rxnAGORA2426	RNA transcription
rxnAGORA2427	Peptidoglycan polymer (n-1 subunits)
rxnAGORA2647	5-deoxyribose
rxnAGORA2648	5-Methylthio-D-ribose
rxnAGORA2649	Biotin
rxnAGORA2650	L-homocysteine
rxnAGORA2714	2-Dehydro-3-deoxy-D-gluconate
rxnAGORA2715	2-Hydroxyphenylacetate
rxnAGORA2716	(3,4-dihydroxyphenyl)acetate
rxnAGORA2717	L-dopa
rxnAGORA2718	3-hydroxycinnamic acid
rxnAGORA2719	3-(3-hydroxy-phenyl)propionate
rxnAGORA2720	3-methyl-2-oxopentanoate
rxnAGORA2721	4-Aminobenzoate
rxnAGORA2722	(4-hydroxyphenyl)acetaldehyde
rxnAGORA2723	5-hydroxy-L-tryptophan
rxnAGORA2724	5-Methylthioadenosine
rxnAGORA2725	L-cysteate(1-)
rxnAGORA2726	L-kynurenine
rxnAGORA2727	acetoacetate
rxnAGORA2728	2-Oxoglutarate
rxnAGORA2729	Allantoin
rxnAGORA2730	D-Arabinose
rxnAGORA2731	Arbutin
rxnAGORA2732	(R)-3-hydroxybutyrate
rxnAGORA2733	butyrate
rxnAGORA2734	butanesulfonate
rxnAGORA2735	Choline
rxnAGORA2736	cytosine
rxnAGORA2737	2,3-dihydroxicinnamic acid
rxnAGORA2738	3-(2,3-Dihydroxyphenyl)propanoate
rxnAGORA2739	dopaminium(1+)
rxnAGORA2740	ethanesulfonate
rxnAGORA2741	D-Fructose
rxnAGORA2742	Fumarate
rxnAGORA2743	D-Galactonate
rxnAGORA2744	galactitol
rxnAGORA2745	D-Glucosamine
rxnAGORA2746	glycolaldehyde
rxnAGORA2747	D-gluconate
rxnAGORA2748	Glycerol
rxnAGORA2749	Reduced glutathione
rxnAGORA2750	Guanine
rxnAGORA2751	Hydrogen sulfide
rxnAGORA2752	Hexadecanoate (n-C16:0)
rxnAGORA2753	hexanesulfonate
rxnAGORA2754	histamium
rxnAGORA2755	indole-3-acetate
rxnAGORA2756	Isethionic acid
rxnAGORA2757	(S)-malate(2-)
rxnAGORA2758	D-Mannose
rxnAGORA2759	D-Mannitol
rxnAGORA2761	methanesulfonate
rxnAGORA2762	Nitrogen
rxnAGORA2763	Nitrous oxide
rxnAGORA2764	Nitrite
rxnAGORA2765	Nitrate
rxnAGORA2766	phenylacetate
rxnAGORA2767	propionate
rxnAGORA2768	Diphosphate
rxnAGORA2769	Putrescine
rxnAGORA2770	Pyridoxamine
rxnAGORA2771	Pyridoxine
rxnAGORA2772	Salicin
rxnAGORA2773	D-glucitol
rxnAGORA2774	serotonin(1+)
rxnAGORA2775	sulfoacetate
rxnAGORA2776	tryptaminium
rxnAGORA2777	thiosulfate(2-)
rxnAGORA2778	tetradecanoate (n-C14:0)
rxnAGORA2779	tyraminium
rxnAGORA2780	uracil
rxnAGORA3231	Trimethylamine N-oxide
rxnAGORA3232	Xanthine
rxnAGORA3333	1,5-Diaminopentane
rxnAGORA3334	meso-2,6-Diaminoheptanedioate
rxnAGORA3335	2-Demethylmenaquinone 8
rxnAGORA3336	2-Oxobutanoate
rxnAGORA3337	Adenine
rxnAGORA3339	Cytidine
rxnAGORA3340	2-deoxyadenosine
rxnAGORA3341	Deoxycytidine
rxnAGORA3342	Deoxyguanosine
rxnAGORA3343	Glutarate
rxnAGORA3344	Hydrogen
rxnAGORA3345	Inosine
rxnAGORA3346	Menaquinone 8
rxnAGORA3347	Ubiquinone-8
rxnAGORA3348	Uridine
rxnAGORA3397	4-Hydroxy-benzyl alcohol
rxnAGORA3398	glycolaldehyde
rxnAGORA3399	KDO(2)-lipid IV(A) with laurate
rxnAGORA3401	crotonobetaine
rxnAGORA3402	laurate
rxnAGORA3403	gamma-butyrobetaine
rxnAGORA3404	NMN
rxnAGORA3427	Adenosylcobalamin
rxnAGORA3430	Dephospho-CoA
rxnAGORA3431	dTMP
rxnAGORA3432	Urea
rxnAGORA3468	1,2-Diacyl-sn-glycerol (dioctadecanoyl, n-C18:0)
rxnAGORA3469	4-hydroxyphenylacetate
rxnAGORA3470	Malonate
rxnAGORA3471	Adenosine
rxnAGORA3472	D-alanine
rxnAGORA3473	chorismate
rxnAGORA3474	Cyanate
rxnAGORA3475	etha[c]
rxnAGORA3476	Ferrichrome
rxnAGORA3477	D-Galactarate
rxnAGORA3478	D-glucarate(2-)
rxnAGORA3479	glycolate
rxnAGORA3480	Nicotinamide
rxnAGORA3481	octadecenoate (n-C18:1)
rxnAGORA3482	keto-phenylpyruvate
rxnAGORA3483	D-serine
rxnAGORA3540	5-Deoxyadenosine
rxnAGORA3566	S-Adenosyl-4-methylthio-2-oxobutanoate
rxnAGORA3567	cardiolipin (tetratetradecanoyl, n-C14:0)
rxnAGORA3568	cardiolipin (tetrahexadecanoyl, n-C16:0)
rxnAGORA3569	cardiolipin (13-methyl-tetradecanoyl, iso-C15)
rxnAGORA3570	cardiolipin (14-methyl-pentadecanoyl, iso-C16)
rxnAGORA3572	oxalate(2-)
rxnAGORA3586	Sulfur
rxnAGORA3599	7-Dehydrochenodeoxycholate
rxnAGORA3600	3alpha,12alpha-Dihydroxy-7-oxo-5beta-cholanate
rxnAGORA3601	chenodeoxycholate
rxnAGORA3602	Cholate
rxnAGORA3622	4-hydroxybenzoate
rxnAGORA3623	Phenylpropanoate
rxnAGORA3686	myo-inositol
rxnAGORA3702	(S)-propane-1,2-diol
rxnAGORA3703	Tyr-194 of apo-glycogenin protein (primer for glycogen synthesis)
rxnAGORA3704	glycogen, structure 2 (glycogenin-1,6-{7[1,4-Glc], 4[1,4-Glc]})
rxnAGORA3705	glycogen, structure 4 (glycogenin-1,6-{2[1,4-Glc], [1,4-Glc]})
rxnAGORA3706	glycogen, structure 5 (glycogenin-2[1,4-Glc])
rxnAGORA3707	Oxidized glutathione
rxnAGORA3708	L-Rhamnose
rxnAGORA3709	starch, structure 1 (1,6-{7[1,4-Glc], 4[1,4-Glc]})
rxnAGORA3710	starch, structure 2 (1,6-{2[1,4-Glc], [1,4-Glc]})
rxnAGORA3725	N,N-diacetylchitobiose
rxnAGORA3738	Hydroquinone
rxnAGORA3740	Raffinose
rxnAGORA3747	Nitric oxide
rxnAGORA3757	Arabinotriose
rxnAGORA3777	Choline sulfate
rxnAGORA3778	L-Carnitine
rxnAGORA3779	Diacetyl
rxnAGORA3796	2-(Hydroxymethyl)phenol
rxnAGORA3798	cellobiose
rxnAGORA3799	Deoxyinosine
rxnAGORA3800	Deoxyuridine
rxnAGORA3801	Indole
rxnAGORA3816	(R)-Acetoin
rxnAGORA3817	L-Fucose 1-phosphate
rxnAGORA3818	D-Glucose 6-phosphate
rxnAGORA3819	D-Mannose 6-phosphate
rxnAGORA3827	Melibiose
rxnAGORA3842	3-Hydroxyphenylacetate
rxnAGORA3843	AMP
rxnAGORA3867	glycochenodeoxycholate
rxnAGORA3868	glycocholate
rxnAGORA3869	L-Lyxose
rxnAGORA3870	pyruvate
rxnAGORA3871	taurocholate
rxnAGORA3872	taurochenodeoxycholate
rxnAGORA3909	Sodium
rxnAGORA3910	(S)-lactaldehyde
rxnAGORA3920	Reduced glutathione
rxnAGORA3921	Siroheme
rxnAGORA3938	D-Galacturonate
rxnAGORA3939	D-glucuronate
rxnAGORA3940	Guanosine
rxnAGORA3959	Isobutyrate, 2-Methylpropanoate
rxnAGORA3960	Isocaproate
rxnAGORA3961	Isovalerate, 3-Methylbutanoate
rxnAGORA3962	lanosterol
rxnAGORA3973	Phenol
rxnAGORA3984	Chicory inulin, 30 monosaccharide units (29 fru, 1 glc) on average
rxnAGORA3985	Isoprene
rxnAGORA4016	cardiolipin (12-methyl-tetradecanoyl, anteiso-C15)
rxnAGORA4017	3-Dehydrochenodeoxycholate
rxnAGORA4018	3-Dehydrocholate
rxnAGORA4026	Kestose (2 fru, 1 glc inulin-type fructo-oligosaccharide)
rxnAGORA4027	Kestopentaose (4 fru, 1 glc inulin-type fructo-oligosaccharide)
rxnAGORA4028	Kestotetraose (3 fru, 1 glc inulin-type fructo-oligosaccharide)
rxnAGORA4041	5,6-Dimethylbenzimidazole
rxnAGORA4043	12-Dehydrocholate
rxnAGORA4045	L-homoserine
rxnAGORA4088	Isocitrate
rxnAGORA4102	Pimelate
rxnAGORA4112	cardiolipin (12-methyl-tridecanoyl, iso-C14)
rxnAGORA4113	R_R__2_3_Butanediol
rxnAGORA4117	teichuronic acid (GlcA + GalNac, 45 repeating unit)
rxnAGORA4127	methanol
rxnAGORA4128	pectins
rxnAGORA4160	Protoheme
rxnAGORA4161	Dimer GalNAc-GlcA
rxnAGORA4162	Dimer GalNAc-IdoA
rxnAGORA4163	Dimer GalNAc-IdoA2S
rxnAGORA4164	Larch arabinogalactan, gal/ara 6:1, small amount of glcur, MW ~ 116000
rxnAGORA4165	chondroitin sulfate A (GalNAc4S-GlcA) proteoglycan
rxnAGORA4166	Dimer GalNAc4S-GlcA
rxnAGORA4167	Not degradable product CSABCPASE_A/B, Gal4S-Gal-Xyl-L-Ser-protein
rxnAGORA4168	chondroitin sulfate B / dermatan sulfate (IdoA2S-GalNAc4S) proteoglycan
rxnAGORA4169	Dimer GalNAc4S-IdoA2S
rxnAGORA4170	chondroitin sulfate C (GalNAc6S-GlcA) proteoglycan
rxnAGORA4171	Dimer GalNAc6S-GlcA
rxnAGORA4172	Not degradable product CSABCPASE_C, Gal6S-Gal-Xyl-L-Ser-protein
rxnAGORA4173	hyaluronan
rxnAGORA4174	hyaluronan degradation product 1
rxnAGORA4175	hyaluronan biosynthesis, precursor 1
rxnAGORA4176	Homogalacturonan, 100 galacturonate residues. Assumed to be methylated/ acetylated in every 5th residue. Citrus HG consists of 7... <Preview truncated at 128 characters>
rxnAGORA4177	L-iduronate
rxnAGORA4178	Pectic galactan (potato), gal: arab-L: rmn: galur = 78: 9: 4: 9 (www.megazyme.com). Assumed to consist of 100 sugars per macromo... <Preview truncated at 128 characters>
rxnAGORA4179	Potato rhamnogalacturonan I, MW assumed ~200000, 62 galur, 20 rmn, 12 gal, 3 arab-L, 1 xyl-D (www.megazyme.com, PMID: 16661590)
rxnAGORA4204	Amylopectin, 900 repeat units
rxnAGORA4205	amylose (n=300 repeat units, alpha-1,4-glc)
rxnAGORA4206	Arabinan, polymer of 1,5-a-L-linked arabinofuranose units substituted by 1,3 or 1,2 linked branches, MW ~ 15000 Da (REF: www.meg... <Preview truncated at 128 characters>
rxnAGORA4207	Arabinoxylan, 30 xyl_D, 18 arab_L, 3 gal, 3 glc_D
rxnAGORA4208	beta-glucans
rxnAGORA4209	Dextran 40, 1,6-alpha-D-Glucan
rxnAGORA4210	Carob galactomannan, Gal:Man ratio 22/78. 220 gal, 780 man assumed
rxnAGORA4211	Glucosamine 2,6-sulfate
rxnAGORA4212	Konjac glucomannan, MW 77,500 (PMID:17962981), Man:Glc ~ 2:1. -> 286 man, 143 glc_D
rxnAGORA4213	heparan sulfate proteoglycan
rxnAGORA4214	Product 1 HEPARL1_e, IdoA-GlcN2,6diS-GlcA-GlcN2,3,6triS
rxnAGORA4215	Product AS3TASE_HS2, GlcN2S-IdoA-GlcNAc-GlcA-Gal-Gal-Xyl-L-Ser (protein)
rxnAGORA4216	Product GAM2STASE_HS3, GlcN-IdoA-GlcNAc-GlcA-Gal-Gal-Xyl-L-Ser (protein)
rxnAGORA4217	Product GLCNACASE_HS2, GlcA-GlcNAc-IdoA-Gal-Gal-Xyl-L-Ser (protein)
rxnAGORA4218	Product GLCAASE_HS, GlcNAc-IdoA-Gal-Gal-Xyl-L-Ser (protein)
rxnAGORA4219	Product GLCNACASE_HS3, IdoA-Gal-Gal-Xyl-L-Ser (protein)
rxnAGORA4220	Product IDOURASE_HS3, Gal-Gal-Xyl-L-Ser (protein)
rxnAGORA4221	Product 2 HEPARL1_e, IdoA2S-GlcN2,6diS-IdoA2S-GlcNAc3S-GlcA-Gal-Gal-Xyl-L-Ser (protein)
rxnAGORA4222	Product IDOURASE_HS1, GlcN2,6diS-GlcA-GlcN2,3,6triS
rxnAGORA4223	Product AS6TASE_HS1, GlcN2S-GlcA-GlcN2,3diS
rxnAGORA4224	Product AS3TASE_HS1, GlcN2S-GlcA-GlcN2S
rxnAGORA4225	Product GAM2STASE_HS2, GlcN-GlcA-GlcN
rxnAGORA4226	Product IS2TASE_HS1, IdoA-GlcN2,6diS-IdoA-GlcNAc3S-GlcA-Gal-Gal-Xyl-L-Ser (protein)
rxnAGORA4227	Product IDOURASE_HS2, GlcN2,6diS-IdoA-GlcNAc3S-GlcA-Gal-Gal-Xyl-L-Ser (protein)
rxnAGORA4228	Product AS6TASE_HS2, GlcN2S-IdoA-GlcNAc3S-GlcA-Gal-Gal-Xyl-L-Ser (protein)
rxnAGORA4229	Undegradable product GALASE_HS, Xyl-L-Ser (protein)
rxnAGORA4230	Levan, 1000 fructose units
rxnAGORA4231	Levanbiose
rxnAGORA4232	Levantriose
rxnAGORA4233	Levantetraose
rxnAGORA4234	Lichenin from Icelandic moss, 170 glucose residues. DOI: 10.1039/JR9570001951
rxnAGORA4235	Laminaribiose
rxnAGORA4236	laminarin (n=30 repeat units, beta -1,3 glc)
rxnAGORA4237	Xyluglucan, PMID:16663672, Fry SC 1989. 600 glc_D, 360 xyl_D, 108 gal, 60 fuc_L, 6 arab_L
rxnAGORA4269	trans-4-hydroxy-L-proline
rxnAGORA4270	Isochenodeoxycholate
rxnAGORA4271	Isocholate
rxnAGORA4276	Oat spelt xylan, MW 79200 (DOI: 10.1002/masy.200551405) = 528 xyl_D
rxnAGORA4291	2-o-methylfucose (rare sugar in rhamnogalacturonan II)
rxnAGORA4292	2-O-methylxylose (rare sugar in rhamnogalacturonan II)
rxnAGORA4293	3-deoxy-d-lyxo-heptulosaric acid (rare sugar in rhamnogalacturonan II)
rxnAGORA4294	Aceric acid (3-C-carboxy-5-deoxy-l-xylose) (rare sugar in rhamnogalacturonan II)
rxnAGORA4295	D-Apiose (rare sugar in rhamnogalacturonan II)
rxnAGORA4296	3-Deoxy-D-manno-2-octulosonate
rxnAGORA4297	Alpha-mannan, yeast, has a MW of about 25000 (PMID: 5461381), equals ~ 140 mannose units. ID according to iMM904
rxnAGORA4298	Wine rhamnogalacturonan II, MW ~ 5-10 kDa, 37% galur, 16% rmn, 3% fuc-L, 11% arab-L, 6% gal, 5% glcur, 4% 2omfuc, 3% 2omxyl, 6% ... <Preview truncated at 128 characters>
rxnAGORA4451	dTTP
rxnAGORA4455	N-acetyl-D-mannosamine
rxnAGORA4470	5-Methyltetrahydrofolate
rxnAGORA4471	starch n=1200 repeat units (300 repeat units amylose, 900 repeat units amylopectin, corresponds to potatoe starch)
rxnAGORA4472	5,6,7,8-Tetrahydrofolate
rxnAGORA4483	Galacto-N-biose
rxnAGORA4484	Lacto-N-biose
rxnAGORA4492	Propane-1,3-diol
rxnAGORA4493	Menaquinone 7
rxnAGORA4494	Menaquinone 8
rxnAGORA4495	Ubiquinone-8
rxnAGORA4570	xanthosine
rxnAGORA4580	Dimethyl sulfide
rxnAGORA4581	Dimethyl sulfoxide
rxnAGORA4582	Sulfite
rxnAGORA4588	Tetrathionate
rxnAGORA4604	Coenzyme A
rxnAGORA4605	GTP
rxnAGORA4606	Thiamin monophosphate
rxnAGORA4629	Cellulose, chain length 500 glc_D assumed, DOI: 10.1002/anie.200460587
rxnAGORA4634	S-Adenosyl-L-methionine
rxnAGORA4635	CMP
rxnAGORA4636	dATP
rxnAGORA4637	Nicotinamide adenine dinucleotide phosphate
rxnAGORA4647	L-Idonate
rxnAGORA4661	trans-Cinnamate
rxnAGORA4662	selenate
rxnAGORA4663	selenite
rxnAGORA4668	butanol
rxnAGORA4672	Methanethiol
rxnAGORA4678	Indolepropionate
rxnAGORA4679	(R)-3-(4-Hydroxyphenyl)propionate
rxnAGORA4715	2-Oxobutanoate
rxnAGORA4732	2-methylbutyrate
rxnAGORA4733	4-Methylcatechol
rxnAGORA4734	5-Aminopentanoate
rxnAGORA4735	Indole-3-propionate
rxnAGORA4736	p-Cresol
rxnAGORA4783	choloyl-CoA(4-)
rxnAGORA4784	chenodeoxycholoyl coenzyme a
rxnAGORA4785	Ursodeoxycholoyl-CoA
rxnAGORA4786	lithocholate
rxnAGORA4787	Ursodiol
rxnAGORA4788	Allodeoxycholic acid
rxnAGORA4789	Allolithocholic acid
rxnAGORA4790	deoxycholic acid
rxnAGORA4799	L-cystine
rxnAGORA4800	Reduced riboflavin
rxnAGORA4807	p-hydroxyphenylpropionic acid
rxnAGORA4826	Valeric Acid
rxnAGORA4831	Ursocholate
rxnAGORA4891	Ubiquinol-8
rxnAGORA4941	Choline sulfate
rxnAGORA4947	Polysulfide
rxnAGORA4948	Thiamine diphosphate
rxnAGORA4965	cholesterol
rxnAGORA4966	Coprostanol
rxnAGORA4978	S-Adenosyl-L-homocysteine
rxnAGORA5016	Methane
rxnAGORA5017	formaldehyde
rxnAGORA5018	Bicarbonate
rxnAGORA5094	Hydrogen peroxide
rxnAGORA5199	Oxaloacetate
rxnAGORA5208	dTDP-L-rhamnose
rxnAGORA5209	UDP-D-glucuronate
rxnAGORA5260	choline phosphate(1-)
rxnAGORA5313	octanoate (n-C8:0)
rxnAGORA5317	tetradecenoate (n-C14:1)
rxnAGORA5319	Hexadecenoate (n-C16:1)
rxnAGORA5321	Urate
rxnAGORA5323	xylitol
rxnAGORA5325	Sulfur
rxnAGORA5327	retinol
rxnAGORA5329	retinal
rxnAGORA5331	beta-carotene
rxnAGORA5333	L-ascorbate
rxnAGORA5335	phylloquinone
rxnAGORA5341	2,3-Dihydroxybenzoate
rxnAGORA5343	Salicylic acid, o-Hydroxybenzoic acid
rxnAGORA5345	3,4-Dihydroxyphenylethyleneglycol
rxnAGORA5349	4-Hydroxybenzaldehyde (iJN746)
rxnAGORA5351	benzoate
rxnAGORA5353	Catechol
rxnAGORA5355	Protocatechuate
rxnDiet1	Hexanoate
rxnDiet2	Decanoate
rxnDiet3	Pentadecylic acid
rxnDiet4	Docosanoate
rxnDiet6	Erucic acid
rxnDiet7	Linoleate
rxnDiet8	Linolenate
rxnDiet9	Stearidonic acid
rxnDiet10	Arachidonate
rxnDiet11	Eicosapentaenoic acid
rxnDiet13	Docosahexaenoic acid
rxnDiet14	Theobromine
rxnDiet15	Lignin
rxnDiet19	F-
rxnDiet21	Selenium
rxnDiet26	Calcidiol
rxnDiet27	Vitamin D3
rxnDiet28	Vitamin E
rxnDiet29	beta-Tocopherol
rxnDiet30	delta-Tocopherol
rxnDiet31	gamma-Tocopherol
rxnDiet32	alpha-Tocotrienol
rxnDiet33	gamma-Tocotrienol
rxnDiet35	Sitosterol
rxnDiet36	Brassicasterol
rxnDiet37	Caffeine
rxnDiet38	Campesterol
rxnDiet39	alpha-Cryptoxanthin
rxnDiet40	beta-Cryptoxanthin
rxnDiet43	Lutein
rxnDiet44	Lycopene
rxnDiet45	Neurosporene
rxnDiet46	Stigmasterol
rxnDiet47	Zeaxanthin
rxnDiet48	HMF
rxnDiet57	Cianidanol
rxnDiet58	(+)-Gallocatechin
rxnDiet59	(-)-gallocatechin gallate
rxnDiet60	(-)-Epicatechin
rxnDiet61	(-)-epicatechin-3-O-gallate
rxnDiet62	(-)-Epigallocatechin
rxnDiet63	Epigallocatechin 3-gallate
rxnDiet64	1,4-Naphthoquinone
rxnDiet65	3,7-Di-O-methylquercetin
rxnDiet66	Chlorogenate
rxnDiet67	3-Hydroxybenzoate
rxnDiet68	4-ethylguaiacol
rxnDiet69	p-Ethylphenol
rxnDiet71	4-Vinylguaiacol
rxnDiet72	4-Vinylphenol
rxnDiet73	O-Feruloylquinate
rxnDiet74	Malonyldaidzin
rxnDiet75	Malonylgenistin
rxnDiet76	Malonylglycitin
rxnDiet78	Flavaprenin
rxnDiet80	Apigenin
rxnDiet81	Vicenin-2
rxnDiet82	Isovitexin
rxnDiet83	Cosmetin
rxnDiet84	(-)-Arctigenin
rxnDiet85	Baicalein
rxnDiet87	Biochanin A
rxnDiet88	Bisdemethoxycurcumin
rxnDiet89	Butein
rxnDiet90	Caffeate
rxnDiet92	Chrysin
rxnDiet93	trans-Cinnamoyl beta-D-glucoside
rxnDiet94	Cirsilineol
rxnDiet95	Scrophulein
rxnDiet96	Rattex
rxnDiet98	Curcumin
rxnDiet99	IdB 1027
rxnDiet100	Cyanin
rxnDiet101	Cyanidin 3-(6-p-caffeoyl)glucoside
rxnDiet102	Cyanidin-3-(6'-malonylglucoside)
rxnDiet103	Cyanidin 3-O-(6-O-p-coumaroyl)glucoside
rxnDiet104	Cyanidin 3-O-galactoside
rxnDiet105	Cyanidin 3-O-glucoside
rxnDiet106	Cyanidin 3-O-rutinoside
rxnDiet107	Cyanidin 3-O-beta-D-sambubioside
rxnDiet108	cyanidin 3-sambubioside 5-glucoside
rxnDiet109	Cyanidin 3-O-sophoroside
rxnDiet110	Daidzein
rxnDiet111	Daidzin
rxnDiet112	Delphinidin 3-(6-p-coumaroyl)glucoside
rxnDiet113	Mirtillin
rxnDiet114	Tulipanin
rxnDiet115	Delphinidin 3-O-beta-D-sambubioside
rxnDiet116	Demethoxycurcumin
rxnDiet117	Dihydrocaffeic acid
rxnDiet118	Taxifolin
rxnDiet119	Ellagic acid
rxnDiet120	Eriodictyol
rxnDiet121	Esculetin
rxnDiet122	Esculin
rxnDiet125	Ferulaldehyde
rxnDiet126	Ferulate
rxnDiet127	Formononetin
rxnDiet128	Galangin
rxnDiet129	Gallate
rxnDiet130	beta-Glucogallin
rxnDiet131	Gardenin B
rxnDiet132	Genistein
rxnDiet133	Genistin
rxnDiet134	Gentisate
rxnDiet135	Glycitein
rxnDiet136	Glycitin
rxnDiet137	Guaiacol
rxnDiet138	Hesperetin
rxnDiet139	Ciratin
rxnDiet140	Homovanillate
rxnDiet141	3-hydroxytyrosol
rxnDiet143	Isorhamnetin
rxnDiet144	isorhamnetin 3-O-glucoside
rxnDiet145	Juglone
rxnDiet146	Kaempferide
rxnDiet147	Kaempferol
rxnDiet148	kaempferol 3,7-O-diglucoside
rxnDiet149	Trifolin
rxnDiet150	Kaempferol 3-O-glucoside
rxnDiet151	Sophoraflavonoloside
rxnDiet152	kaempferol 7-O-glucoside
rxnDiet153	Lariciresinol
rxnDiet154	Luteolin
rxnDiet155	Orientin
rxnDiet156	Luteolin 7-O-beta-D-diglucuronide
rxnDiet157	Luteolin 7-O-glucoside
rxnDiet158	Luteolin 7-O-glucuronide
rxnDiet159	Enin
rxnDiet160	Matairesinol
rxnDiet161	Myricetin
rxnDiet162	Naringenin
rxnDiet163	Prunin
rxnDiet164	Naringin
rxnDiet165	Narirutin
rxnDiet166	Neohesperidin
rxnDiet167	methyl (2S,3E,4S)-4-{2-[2-(3,4-dihydroxyphenyl)ethoxy]-2-oxoethyl}-3-ethylidene-2-hydroxy-3,4-dihydro-2H-pyran-5-carboxylate
rxnDiet168	Pelargonidin
rxnDiet169	pelargonidin-3,5-diglucoside
rxnDiet170	Pelargonidin 3-O-(6-O-malonyl-beta-D-glucoside)
rxnDiet171	Pelargonidin 3-glucoside
rxnDiet172	Pelargonidin 3-O-rutinoside
rxnDiet173	Pelargonidin 3-O-beta-D-sambubioside
rxnDiet174	Pelargonidin 3-O-sophoroside
rxnDiet175	Peonidin
rxnDiet176	Peonidin-3-glucoside
rxnDiet177	Petunidin 3-glucoside
rxnDiet178	Phloretin
rxnDiet179	Phlorizin
rxnDiet180	Piceatannol
rxnDiet181	Pinocembrin
rxnDiet182	Pinoresinol
rxnDiet184	2,3-trans-proanthocyanidin
rxnDiet188	Pyrogallol
rxnDiet189	Quercetin
rxnDiet190	quercetin 3,4'-O-diglucoside
rxnDiet191	Hyperin
rxnDiet192	Isotrifoliin
rxnDiet193	Quercitrin
rxnDiet194	Rutin
rxnDiet195	QUOSP
rxnDiet196	quercetin 4'-O-glucoside
rxnDiet197	Resveratrol
rxnDiet198	Rhamnetin
rxnDiet199	Rhoifolin
rxnDiet200	Rosmarinate
rxnDiet201	Sakuranetin
rxnDiet203	Scutellarein
rxnDiet204	Secoisolariciresinol
rxnDiet205	(+)-sesaminol
rxnDiet206	(+)-sesamolin
rxnDiet207	Sinapaldehyde
rxnDiet208	Sinapate
rxnDiet210	Syringic acid
rxnDiet211	Tyrosol
rxnDiet213	Vanillate
rxnDiet214	Vanillin
rxnDiet215	Xanthohumol
rxnDiet218	trans-2-Hydroxycinnamate
rxnDiet219	4-Coumarate
rxnDiet220	p-Coumaroyl-D-glucose
rxnDiet221	(S,S)-Tartaric acid
rxnDiet222	p-Coumaroyl quinic acid
rxnAddEX1	Eriocitrin
rxnAddEX2	Oleuropein
rxnAddEX3	Neoeriocitrin
rxnAddEX4	6-Prenylnaringenin
rxnAddEX5	Diosmetin
rxnAddEX6	Diosmin
rxnAddEX7	Dinatin
rxnAddEX8	6-Hydroxyluteolin
rxnAddEX9	Morin
rxnAddEX10	Myricitrin
rxnAddEX11	Nobiletin
rxnAddEX12	Sinensetin
rxnAddEX13	Tangeretin
rxnAddEX14	Procyanidin B1
rxnAddEX15	Procyanidin B4
rxnAddEX16	Chicoric acid
rxnAddEX17	4-p-Coumaroylquinic acid
rxnAddEX18	Isochlorogenic acid B
rxnAddEX19	Isoferulic acid
rxnAddEX20	Nortrachelogenin
rxnAddEX21	Theogallin
rxnAddEX22	Sesamin
rxnAddEX23	Sesamolinol
rxnAddEX24	Trachelogenin
rxnAddEX25	3-Methylgalangin
rxnAddEX27	Tetra-O-methylscutellarein
rxnAddEX28	Procyanidin C1
rxnAddEX29	Cinnamtannin A2
rxnAddEX30	Procyanidin B2
rxnAddEX31	Procyanidin B5
rxnAddEX32	Isoxanthohumol
rxnAddEX33	3,5-Dihydroxybenzoate
rxnAddEX34	2,6-Dihydroxybenzoate
rxnAddEX35	(+)-episesamin
rxnAddEX36	(-)-syringaresinol
rxnAddEX37	demethyloleuropein
rxnAddEX38	ligstroside
rxnAddEX40	Enterodiol
rxnAddEX41	Enterolactone
rxnAddEX43	3,4-Dimethoxybenzoate
rxnAddEX45	O-Desmethylangolensin
rxnAddEX46	6'-Hydroxy-O-desmethylangolensin
rxnAddEX47	2-(3,5-Dihydroxyphenyl)acetic acid
rxnAddEX48	2-(4-Hydroxyphenyl)propionic acid
rxnAddEX50	5-(3',4'-Dihydroxyphenyl)-gamma-valerolactone
rxnAddEX51	5-(3',5'-Dihydroxyphenyl)-gamma-valerolactone
rxnAddEX52	5-(3,4-Dihydroxyphenyl)valeric acid
rxnAddEX53	Lunularin
rxnAddEX54	Dihydroresveratrol
rxnAddEX55	4-Methoxyphenylacetic acid
rxnAddEX56	3,4-Dimethoxyphenylacetic acid
rxnAddEX57	1,2,3,5-Tetrahydroxybenzene
rxnAddEX58	3,4'-Dihydroxystilbene
rxnAddEX59	2-Methoxy-phloroglucinol
rxnAddEX60	3-(4-Methoxyphenyl)propionic acid
rxnAddEX61	2-(3,4-Dihydroxy-5-methoxyphenyl)acetic acid
rxnAddNewEX1	Nicotinamide adenine dinucleotide
rxnAddNewEX2	Nicotinamide adenine dinucleotide - reduced
rxnAddNewEX3	Quinate
rxnAddNewEX5	Phloroglucinol
rxnAddNewEX6	3,5-Dihydroxy-1,4-naphthoquinone
rxnAddNewEX7	Equol
rxnAddNewEX8	tetrahydrocurcumin
rxnAddNewEX9	3,5-dihydroxy-1,4-naphthoquinol
rxnAddNewEX10	3-hydroxy-urolithin
rxnAddNewEX11	3,8-dihydroxy-urolithin
rxnAddNewEX12	3,9-dihydroxy-urolithin
rxnAddNewEX13	L-tartrate
rxnTransport1	sn-Glycero-3-phosphocholine
rxnTransport2	beta D-glucose
rxnTransport3	imidazol-4-ylacetate
rxnTransport4	Isomaltose,  Brachiose
rxnTransport5	Orotate
rxnTransport6	phosphatidylethanolamine (dioctadec-11-enoyl, n-C18:1)
rxnTransport7	trimethylenediaminium
rxnTransport8	D-3-Amino-isobutanoate
rxnTransport10	4-Guanidinobutanoate
rxnTransport11	5-oxoprolinate
rxnTransport12	Methylmalonate
rxnTransport13	N-acetyl-L-aspartate(2-)
rxnTransport14	L-citrulline
rxnTransport16	glutaryl-CoA(5-)
rxnTransport17	homogentisate
rxnTransport18	Melilotate
rxnTransport19	methylammonium
rxnTransport20	Sarcosine
rxnTransport21	Tricarballylate
rxnTransport22	hexanal
rxnTransport23	S-Methyl-L-methionine
rxnTransport25	L-gulono-1,4-lactone
rxnTransport26	N,N-dimethylglycine
rxnTransport27	L-2-aminoadipate(1-)
rxnTransport28	spermine(4+)
rxnTransport29	2-Furoate
rxnTransport30	Phloretate
rxnTransport31	beta-L-Rhamnose
rxnTransport32	beta-D-Glucuronic acid
rxnTransport33	Paraxanthine
rxnTransport35	7-Methylxanthine
rxnTransport36	1-Methylxanthine
rxnTransport37	(24S)-methylcholest-5-en-3beta-ol
