rxnID	metNames
rxnAGORA0618	cardiolipin (tetraoctadecanoyl, n-C18:0)
rxnAGORA0619	cardiolipin (14-methyl-hexadecanoyl, anteiso-C17)
rxnAGORA0620	cardiolipin (15-methyl-hexadecanoyl, iso-C17)
rxnAGORA0621	4,5-dihydroxy-2,3-pentanedione
rxnAGORA0853	4-Aminobutanoate
rxnAGORA0854	mucin-type O-glycan No 10
rxnAGORA0855	mucin-type O-glycan No 100
rxnAGORA0856	released mucin-type O-glycan No 100
rxnAGORA0857	mucin-type O-glycan No 101
rxnAGORA0858	released mucin-type O-glycan No 101
rxnAGORA0859	mucin-type O-glycan No 102
rxnAGORA0860	released mucin-type O-glycan No 102
rxnAGORA0861	mucin-type O-glycan No 103
rxnAGORA0862	released mucin-type O-glycan No 103
rxnAGORA0863	mucin-type O-glycan No 104
rxnAGORA0864	released mucin-type O-glycan No 104
rxnAGORA0865	mucin-type O-glycan No 105
rxnAGORA0866	released mucin-type O-glycan No 105
rxnAGORA0867	mucin-type O-glycan No 106
rxnAGORA0868	released mucin-type O-glycan No 106
rxnAGORA0869	mucin-type O-glycan No 107
rxnAGORA0870	released mucin-type O-glycan No 107
rxnAGORA0871	mucin-type O-glycan No 108
rxnAGORA0872	released mucin-type O-glycan No 108
rxnAGORA0873	mucin-type O-glycan No 109
rxnAGORA0874	released mucin-type O-glycan No 109
rxnAGORA0875	released mucin-type O-glycan No 10
rxnAGORA0876	mucin-type O-glycan No 110
rxnAGORA0877	released mucin-type O-glycan No 110
rxnAGORA0878	mucin-type O-glycan No 111
rxnAGORA0879	released mucin-type O-glycan No 111
rxnAGORA0880	mucin-type O-glycan No 112
rxnAGORA0881	released mucin-type O-glycan No 112
rxnAGORA0882	mucin-type O-glycan No 113
rxnAGORA0883	released mucin-type O-glycan No 113
rxnAGORA0884	mucin-type O-glycan No 114
rxnAGORA0885	released mucin-type O-glycan No 114
rxnAGORA0886	mucin-type O-glycan No 115
rxnAGORA0887	released mucin-type O-glycan No 115
rxnAGORA0888	mucin-type O-glycan No 116
rxnAGORA0889	released mucin-type O-glycan No 116
rxnAGORA0890	mucin-type O-glycan No 117
rxnAGORA0891	released mucin-type O-glycan No 117
rxnAGORA0892	mucin-type O-glycan No 118
rxnAGORA0893	released mucin-type O-glycan No 118
rxnAGORA0894	mucin-type O-glycan No 119
rxnAGORA0895	released mucin-type O-glycan No 119
rxnAGORA0896	mucin-type O-glycan No 12
rxnAGORA0897	mucin-type O-glycan No 120
rxnAGORA0898	released mucin-type O-glycan No 120
rxnAGORA0899	mucin-type O-glycan No 121
rxnAGORA0900	released mucin-type O-glycan No 121
rxnAGORA0901	mucin-type O-glycan No 122
rxnAGORA0902	released mucin-type O-glycan No 122
rxnAGORA0903	mucin-type O-glycan No 123
rxnAGORA0904	released mucin-type O-glycan No 123
rxnAGORA0905	mucin-type O-glycan No 124
rxnAGORA0906	released mucin-type O-glycan No 124
rxnAGORA0907	mucin-type O-glycan No 126
rxnAGORA0908	released mucin-type O-glycan No 126
rxnAGORA0909	mucin-type O-glycan No 127
rxnAGORA0910	released mucin-type O-glycan No 127
rxnAGORA0911	mucin-type O-glycan No 128
rxnAGORA0912	released mucin-type O-glycan No 128
rxnAGORA0913	mucin-type O-glycan No 129
rxnAGORA0914	released mucin-type O-glycan No 129
rxnAGORA0915	released mucin-type O-glycan No 12
rxnAGORA0916	mucin-type O-glycan No 13
rxnAGORA0917	mucin-type O-glycan No 130
rxnAGORA0918	released mucin-type O-glycan No 130
rxnAGORA0919	mucin-type O-glycan No 131
rxnAGORA0920	released mucin-type O-glycan No 131
rxnAGORA0921	mucin-type O-glycan No 132
rxnAGORA0922	released mucin-type O-glycan No 132
rxnAGORA0923	mucin-type O-glycan No 133
rxnAGORA0924	released mucin-type O-glycan No 133
rxnAGORA0925	mucin-type O-glycan No 134
rxnAGORA0926	released mucin-type O-glycan No 134
rxnAGORA0927	mucin-type O-glycan No 135
rxnAGORA0928	released mucin-type O-glycan No 135
rxnAGORA0929	mucin-type O-glycan No 136
rxnAGORA0930	released mucin-type O-glycan No 136
rxnAGORA0931	mucin-type O-glycan No 137
rxnAGORA0932	released mucin-type O-glycan No 137
rxnAGORA0933	mucin-type O-glycan No 138
rxnAGORA0934	released mucin-type O-glycan No 138
rxnAGORA0935	mucin-type O-glycan No 139
rxnAGORA0936	released mucin-type O-glycan No 139
rxnAGORA0937	released mucin-type O-glycan No 13
rxnAGORA0938	mucin-type O-glycan No 14
rxnAGORA0939	mucin-type O-glycan No 140
rxnAGORA0940	released mucin-type O-glycan No 140
rxnAGORA0941	mucin-type O-glycan No 141
rxnAGORA0942	released mucin-type O-glycan No 141
rxnAGORA0943	mucin-type O-glycan No 142
rxnAGORA0944	released mucin-type O-glycan No 142
rxnAGORA0945	mucin-type O-glycan No 143
rxnAGORA0946	released mucin-type O-glycan No 143
rxnAGORA0947	mucin-type O-glycan No 144
rxnAGORA0948	released mucin-type O-glycan No 144
rxnAGORA0949	mucin-type O-glycan No 145
rxnAGORA0950	released mucin-type O-glycan No 145
rxnAGORA0951	mucin-type O-glycan No 146
rxnAGORA0952	released mucin-type O-glycan No 146
rxnAGORA0953	mucin-type O-glycan No 147
rxnAGORA0954	released mucin-type O-glycan No 147
rxnAGORA0955	mucin-type O-glycan No 148
rxnAGORA0956	released mucin-type O-glycan No 148
rxnAGORA0957	mucin-type O-glycan No 149
rxnAGORA0958	released mucin-type O-glycan No 149
rxnAGORA0959	released mucin-type O-glycan No 14
rxnAGORA0960	mucin-type O-glycan No 15
rxnAGORA0961	mucin-type O-glycan No 150
rxnAGORA0962	released mucin-type O-glycan No 150
rxnAGORA0963	mucin-type O-glycan No 151
rxnAGORA0964	released mucin-type O-glycan No 151
rxnAGORA0965	mucin-type O-glycan No 152
rxnAGORA0966	released mucin-type O-glycan No 152
rxnAGORA0967	mucin-type O-glycan No 153
rxnAGORA0968	released mucin-type O-glycan No 153
rxnAGORA0969	mucin-type O-glycan No 154
rxnAGORA0970	released mucin-type O-glycan No 154
rxnAGORA0971	mucin-type O-glycan No 155
rxnAGORA0972	released mucin-type O-glycan No 155
rxnAGORA0973	mucin-type O-glycan No 156
rxnAGORA0974	released mucin-type O-glycan No 156
rxnAGORA0975	mucin-type O-glycan No 157
rxnAGORA0976	released mucin-type O-glycan No 157
rxnAGORA0977	mucin-type O-glycan No 158
rxnAGORA0978	released mucin-type O-glycan No 158
rxnAGORA0979	mucin-type O-glycan No 159
rxnAGORA0980	released mucin-type O-glycan No 159
rxnAGORA0981	released mucin-type O-glycan No 15
rxnAGORA0982	mucin-type O-glycan No 16
rxnAGORA0983	mucin-type O-glycan No 160
rxnAGORA0984	released mucin-type O-glycan No 160
rxnAGORA0985	mucin-type O-glycan No 161
rxnAGORA0986	released mucin-type O-glycan No 161
rxnAGORA0987	mucin-type O-glycan No 162
rxnAGORA0988	released mucin-type O-glycan No 162
rxnAGORA0989	mucin-type O-glycan No 163
rxnAGORA0990	released mucin-type O-glycan No 163
rxnAGORA0991	mucin-type O-glycan No 164
rxnAGORA0992	released mucin-type O-glycan No 164
rxnAGORA0993	mucin-type O-glycan No 165
rxnAGORA0994	released mucin-type O-glycan No 165
rxnAGORA0995	mucin-type O-glycan No 166
rxnAGORA0996	released mucin-type O-glycan No 166
rxnAGORA0997	mucin-type O-glycan No 167
rxnAGORA0998	released mucin-type O-glycan No 167
rxnAGORA0999	mucin-type O-glycan No 168
rxnAGORA1000	released mucin-type O-glycan No 168
rxnAGORA1001	mucin-type O-glycan No 169
rxnAGORA1002	released mucin-type O-glycan No 169
rxnAGORA1003	released mucin-type O-glycan No 16
rxnAGORA1004	mucin-type O-glycan No 17
rxnAGORA1005	mucin-type O-glycan No 170
rxnAGORA1006	released mucin-type O-glycan No 170
rxnAGORA1007	mucin-type O-glycan No 171
rxnAGORA1008	released mucin-type O-glycan No 171
rxnAGORA1009	mucin-type O-glycan No 172
rxnAGORA1010	released mucin-type O-glycan No 172
rxnAGORA1011	mucin-type O-glycan No 173
rxnAGORA1012	released mucin-type O-glycan No 173
rxnAGORA1013	mucin-type O-glycan No 174
rxnAGORA1014	released mucin-type O-glycan No 174
rxnAGORA1015	mucin-type O-glycan No 175
rxnAGORA1016	released mucin-type O-glycan No 175
rxnAGORA1017	mucin-type O-glycan No 176
rxnAGORA1018	released mucin-type O-glycan No 176
rxnAGORA1019	mucin-type O-glycan No 177
rxnAGORA1020	released mucin-type O-glycan No 177
rxnAGORA1021	mucin-type O-glycan No 178
rxnAGORA1022	released mucin-type O-glycan No 178
rxnAGORA1023	mucin-type O-glycan No 179
rxnAGORA1024	released mucin-type O-glycan No 179
rxnAGORA1025	released mucin-type O-glycan No 17
rxnAGORA1026	mucin-type O-glycan No 18
rxnAGORA1027	mucin-type O-glycan No 180
rxnAGORA1028	released mucin-type O-glycan No 180
rxnAGORA1029	mucin-type O-glycan No 181
rxnAGORA1030	released mucin-type O-glycan No 181
rxnAGORA1031	mucin-type O-glycan No 182
rxnAGORA1032	released mucin-type O-glycan No 182
rxnAGORA1033	mucin-type O-glycan No 183
rxnAGORA1034	released mucin-type O-glycan No 183
rxnAGORA1035	mucin-type O-glycan No 185
rxnAGORA1036	released mucin-type O-glycan No 185
rxnAGORA1037	mucin-type O-glycan No 186
rxnAGORA1038	released mucin-type O-glycan No 186
rxnAGORA1039	mucin-type O-glycan No 187
rxnAGORA1040	released mucin-type O-glycan No 187
rxnAGORA1041	mucin-type O-glycan No 188
rxnAGORA1042	released mucin-type O-glycan No 188
rxnAGORA1043	mucin-type O-glycan No 189
rxnAGORA1044	released mucin-type O-glycan No 189
rxnAGORA1045	released mucin-type O-glycan No 18
rxnAGORA1046	mucin-type O-glycan No 19
rxnAGORA1047	mucin-type O-glycan No 190
rxnAGORA1048	released mucin-type O-glycan No 190
rxnAGORA1049	mucin-type O-glycan No 191
rxnAGORA1050	released mucin-type O-glycan No 191
rxnAGORA1051	mucin-type O-glycan No 192
rxnAGORA1052	released mucin-type O-glycan No 192
rxnAGORA1053	mucin-type O-glycan No 193
rxnAGORA1054	released mucin-type O-glycan No 193
rxnAGORA1055	mucin-type O-glycan No 194
rxnAGORA1056	released mucin-type O-glycan No 194
rxnAGORA1057	mucin-type O-glycan No 195
rxnAGORA1058	released mucin-type O-glycan No 195
rxnAGORA1059	mucin-type O-glycan No 196
rxnAGORA1060	released mucin-type O-glycan No 196
rxnAGORA1061	released mucin-type O-glycan No 19
rxnAGORA1062	mucin-type O-glycan No 2
rxnAGORA1063	mucin-type O-glycan No 20
rxnAGORA1064	released mucin-type O-glycan No 20
rxnAGORA1065	mucin-type O-glycan No 21
rxnAGORA1066	released mucin-type O-glycan No 21
rxnAGORA1067	mucin-type O-glycan No 22
rxnAGORA1068	released mucin-type O-glycan No 22
rxnAGORA1069	mucin-type O-glycan No 23
rxnAGORA1070	released mucin-type O-glycan No 23
rxnAGORA1071	mucin-type O-glycan No 24
rxnAGORA1072	released mucin-type O-glycan No 24
rxnAGORA1073	mucin-type O-glycan No 25
rxnAGORA1074	released mucin-type O-glycan No 25
rxnAGORA1075	mucin-type O-glycan No 26
rxnAGORA1076	released mucin-type O-glycan No 26
rxnAGORA1077	mucin-type O-glycan No 27
rxnAGORA1078	released mucin-type O-glycan No 27
rxnAGORA1079	mucin-type O-glycan No 28
rxnAGORA1080	released mucin-type O-glycan No 28
rxnAGORA1081	mucin-type O-glycan No 29
rxnAGORA1082	released mucin-type O-glycan No 29
rxnAGORA1083	released mucin-type O-glycan No 2
rxnAGORA1084	mucin-type O-glycan No 3
rxnAGORA1085	mucin-type O-glycan No 30
rxnAGORA1086	released mucin-type O-glycan No 30
rxnAGORA1087	mucin-type O-glycan No 31
rxnAGORA1088	released mucin-type O-glycan No 31
rxnAGORA1089	mucin-type O-glycan No 32
rxnAGORA1090	released mucin-type O-glycan No 32
rxnAGORA1091	mucin-type O-glycan No 33
rxnAGORA1092	released mucin-type O-glycan No 33
rxnAGORA1093	mucin-type O-glycan No 34
rxnAGORA1094	released mucin-type O-glycan No 34
rxnAGORA1095	mucin-type O-glycan No 35
rxnAGORA1096	released mucin-type O-glycan No 35
rxnAGORA1097	mucin-type O-glycan No 36
rxnAGORA1098	released mucin-type O-glycan No 36
rxnAGORA1099	mucin-type O-glycan No 37
rxnAGORA1100	released mucin-type O-glycan No 37
rxnAGORA1101	mucin-type O-glycan No 38
rxnAGORA1102	released mucin-type O-glycan No 38
rxnAGORA1103	mucin-type O-glycan No 39
rxnAGORA1104	released mucin-type O-glycan No 39
rxnAGORA1105	released mucin-type O-glycan No 3
rxnAGORA1106	mucin-type O-glycan No 4
rxnAGORA1107	mucin-type O-glycan No 40
rxnAGORA1108	released mucin-type O-glycan No 40
rxnAGORA1109	mucin-type O-glycan No 41
rxnAGORA1110	released mucin-type O-glycan No 41
rxnAGORA1111	mucin-type O-glycan No 42
rxnAGORA1112	released mucin-type O-glycan No 42
rxnAGORA1113	mucin-type O-glycan No 45
rxnAGORA1114	released mucin-type O-glycan No 45
rxnAGORA1115	mucin-type O-glycan No 46
rxnAGORA1116	released mucin-type O-glycan No 46
rxnAGORA1117	mucin-type O-glycan No 47
rxnAGORA1118	released mucin-type O-glycan No 47
rxnAGORA1119	mucin-type O-glycan No 48
rxnAGORA1120	released mucin-type O-glycan No 48
rxnAGORA1121	released mucin-type O-glycan No 4
rxnAGORA1122	mucin-type O-glycan No 5
rxnAGORA1123	mucin-type O-glycan No 50
rxnAGORA1124	released mucin-type O-glycan No 50
rxnAGORA1125	mucin-type O-glycan No 51
rxnAGORA1126	released mucin-type O-glycan No 51
rxnAGORA1127	mucin-type O-glycan No 53
rxnAGORA1128	released mucin-type O-glycan No 53
rxnAGORA1129	mucin-type O-glycan No 54
rxnAGORA1130	released mucin-type O-glycan No 54
rxnAGORA1131	mucin-type O-glycan No 55
rxnAGORA1132	released mucin-type O-glycan No 55
rxnAGORA1133	mucin-type O-glycan No 56
rxnAGORA1134	released mucin-type O-glycan No 56
rxnAGORA1135	mucin-type O-glycan No 57
rxnAGORA1136	released mucin-type O-glycan No 57
rxnAGORA1137	mucin-type O-glycan No 58
rxnAGORA1138	released mucin-type O-glycan No 58
rxnAGORA1139	mucin-type O-glycan No 59
rxnAGORA1140	released mucin-type O-glycan No 59
rxnAGORA1141	released mucin-type O-glycan No 5
rxnAGORA1142	mucin-type O-glycan No 6
rxnAGORA1143	mucin-type O-glycan No 60
rxnAGORA1144	released mucin-type O-glycan No 60
rxnAGORA1145	mucin-type O-glycan No 61
rxnAGORA1146	released mucin-type O-glycan No 61
rxnAGORA1147	mucin-type O-glycan No 62
rxnAGORA1148	released mucin-type O-glycan No 62
rxnAGORA1149	mucin-type O-glycan No 63
rxnAGORA1150	released mucin-type O-glycan No 63
rxnAGORA1151	mucin-type O-glycan No 64
rxnAGORA1152	released mucin-type O-glycan No 64
rxnAGORA1153	mucin-type O-glycan No 65
rxnAGORA1154	released mucin-type O-glycan No 65
rxnAGORA1155	mucin-type O-glycan No 66
rxnAGORA1156	released mucin-type O-glycan No 66
rxnAGORA1157	mucin-type O-glycan No 67
rxnAGORA1158	released mucin-type O-glycan No 67
rxnAGORA1159	mucin-type O-glycan No 68
rxnAGORA1160	released mucin-type O-glycan No 68
rxnAGORA1161	mucin-type O-glycan No 69
rxnAGORA1162	released mucin-type O-glycan No 69
rxnAGORA1163	released mucin-type O-glycan No 6
rxnAGORA1164	mucin-type O-glycan No 7
rxnAGORA1165	mucin-type O-glycan No 70
rxnAGORA1166	released mucin-type O-glycan No 70
rxnAGORA1167	mucin-type O-glycan No 71
rxnAGORA1168	released mucin-type O-glycan No 71
rxnAGORA1169	mucin-type O-glycan No 72
rxnAGORA1170	released mucin-type O-glycan No 72
rxnAGORA1171	mucin-type O-glycan No 73
rxnAGORA1172	released mucin-type O-glycan No 73
rxnAGORA1173	mucin-type O-glycan No 74
rxnAGORA1174	released mucin-type O-glycan No 74
rxnAGORA1175	mucin-type O-glycan No 75
rxnAGORA1176	released mucin-type O-glycan No 75
rxnAGORA1177	mucin-type O-glycan No 76
rxnAGORA1178	released mucin-type O-glycan No 76
rxnAGORA1179	mucin-type O-glycan No 77
rxnAGORA1180	released mucin-type O-glycan No 77
rxnAGORA1181	mucin-type O-glycan No 78
rxnAGORA1182	released mucin-type O-glycan No 78
rxnAGORA1183	mucin-type O-glycan No 79
rxnAGORA1184	released mucin-type O-glycan No 79
rxnAGORA1185	released mucin-type O-glycan No 7
rxnAGORA1186	mucin-type O-glycan No 8
rxnAGORA1187	mucin-type O-glycan No 80
rxnAGORA1188	released mucin-type O-glycan No 80
rxnAGORA1189	mucin-type O-glycan No 81
rxnAGORA1190	released mucin-type O-glycan No 81
rxnAGORA1191	mucin-type O-glycan No 82
rxnAGORA1192	released mucin-type O-glycan No 82
rxnAGORA1193	mucin-type O-glycan No 83
rxnAGORA1194	released mucin-type O-glycan No 83
rxnAGORA1195	mucin-type O-glycan No 84
rxnAGORA1196	released mucin-type O-glycan No 84
rxnAGORA1197	mucin-type O-glycan No 85
rxnAGORA1198	released mucin-type O-glycan No 85
rxnAGORA1199	mucin-type O-glycan No 86
rxnAGORA1200	released mucin-type O-glycan No 86
rxnAGORA1201	mucin-type O-glycan No 87
rxnAGORA1202	released mucin-type O-glycan No 87
rxnAGORA1203	mucin-type O-glycan No 88
rxnAGORA1204	released mucin-type O-glycan No 88
rxnAGORA1205	mucin-type O-glycan No 89
rxnAGORA1206	released mucin-type O-glycan No 89
rxnAGORA1207	released mucin-type O-glycan No 8
rxnAGORA1208	mucin-type O-glycan No 9
rxnAGORA1209	mucin-type O-glycan No 90
rxnAGORA1210	released mucin-type O-glycan No 90
rxnAGORA1211	mucin-type O-glycan No 91
rxnAGORA1212	released mucin-type O-glycan No 91
rxnAGORA1213	mucin-type O-glycan No 92
rxnAGORA1214	released mucin-type O-glycan No 92
rxnAGORA1215	mucin-type O-glycan No 93
rxnAGORA1216	released mucin-type O-glycan No 93
rxnAGORA1217	mucin-type O-glycan No 94
rxnAGORA1218	released mucin-type O-glycan No 94
rxnAGORA1219	mucin-type O-glycan No 95
rxnAGORA1220	released mucin-type O-glycan No 95
rxnAGORA1221	mucin-type O-glycan No 96
rxnAGORA1222	released mucin-type O-glycan No 96
rxnAGORA1223	mucin-type O-glycan No 97
rxnAGORA1224	released mucin-type O-glycan No 97
rxnAGORA1225	mucin-type O-glycan No 98
rxnAGORA1226	released mucin-type O-glycan No 98
rxnAGORA1227	mucin-type O-glycan No 99
rxnAGORA1228	released mucin-type O-glycan No 99
rxnAGORA1229	released mucin-type O-glycan No 9
rxnAGORA1230	protein-linked serine or threonine residue (O-glycosylation site)
rxnAGORA1231	T antigen (core 1)
rxnAGORA1232	Tn antigen
rxnAGORA1233	acetate
rxnAGORA1234	acetaldehyde
rxnAGORA1235	N-acetyl-D-galactosamine
rxnAGORA1236	N-acetyl-D-glucosamine
rxnAGORA1237	N-acetylneuraminate
rxnAGORA1238	Alpha-2,6-N-acetylneuraminate-N-acetylgalactosamine
rxnAGORA1239	Adenosylcobalamin
rxnAGORA1240	Beta-1,3-N,N-diacetylgalactosamine
rxnAGORA1241	Beta-1,6-N,N-diacetylgalactosamine
rxnAGORA1242	Beta-1,3-N-acetylglucosamine-N-acetylgalactosamine
rxnAGORA1243	Beta-1,6-N-acetylglucosamine-N-acetylgalactosamine
rxnAGORA1244	L-alanine
rxnAGORA1245	L-alanyl-L-aspartate
rxnAGORA1246	L-alanyl-L-glutamine
rxnAGORA1247	L-alanyl-L-glutamate
rxnAGORA1248	L-alanylglycine
rxnAGORA1249	L-alanyl-L-histidine
rxnAGORA1250	L-alanyl-L-leucine
rxnAGORA1251	L-alanyl-L-threonine
rxnAGORA1252	L-arabinose
rxnAGORA1253	L-argininium(1+)
rxnAGORA1254	Arsenobetaine
rxnAGORA1255	L-asparagine
rxnAGORA1256	arsenite
rxnAGORA1257	arsenate
rxnAGORA1258	L-aspartate(1-)
rxnAGORA1259	Produced biomass
rxnAGORA1260	Biotin
rxnAGORA1261	calcium(2+)
rxnAGORA1262	Cob(I)alamin
rxnAGORA1263	Cob(II)alamin
rxnAGORA1264	Cadmium
rxnAGORA1265	L-cysteinylglycine
rxnAGORA1266	Citrate
rxnAGORA1267	Chloride
rxnAGORA1268	carbon dioxide
rxnAGORA1269	Co2+
rxnAGORA1270	Core 2
rxnAGORA1271	released Core 2
rxnAGORA1272	Core 3
rxnAGORA1273	Core 4
rxnAGORA1274	released Core 4
rxnAGORA1275	Core 5
rxnAGORA1276	Core 6
rxnAGORA1277	Core 7
rxnAGORA1278	Core 8
rxnAGORA1279	Cu2+
rxnAGORA1280	L-cysteine
rxnAGORA1281	Dextrin
rxnAGORA1282	2-deoxy-D-ribose
rxnAGORA1283	disialyl-T antigen
rxnAGORA1284	released disialyl-T antigen
rxnAGORA1285	ethanol
rxnAGORA1286	F1alpha
rxnAGORA1287	released F1alpha antigen
rxnAGORA1288	Fe2+
rxnAGORA1289	Fe3+
rxnAGORA1290	Folate
rxnAGORA1291	Formate
rxnAGORA1292	L-fucose
rxnAGORA1293	D-Galactose
rxnAGORA1294	Alpha-1,3-Galactose-N-acetylgalactosamine
rxnAGORA1295	Beta-1,3-Galactose-N-acetylgalactosamine
rxnAGORA1296	D-glucose
rxnAGORA1297	L-glutamine
rxnAGORA1298	L-glutamate(1-)
rxnAGORA1299	Glycine
rxnAGORA1300	Glycyl-L-asparagine
rxnAGORA1301	Glycyl-L-aspartate
rxnAGORA1302	glycine betaine
rxnAGORA1303	Glycerol 3-phosphate
rxnAGORA1304	Gly-Cys
rxnAGORA1305	Glycyl-L-glutamine
rxnAGORA1306	Glycyl-L-glutamate
rxnAGORA1307	Glycylleucine
rxnAGORA1308	Glycyl-L-methionine
rxnAGORA1309	Glycylphenylalanine
rxnAGORA1310	Glycylproline
rxnAGORA1311	Glycyl-L-tyrosine
rxnAGORA1312	GlcNAc-alpha-1,4-Core 1
rxnAGORA1313	released GlcNAc-alpha-1,4-Core 1
rxnAGORA1314	GlcNAc-alpha-1,4-Core 2
rxnAGORA1315	released GlcNAc-alpha-1,4-Core 2
rxnAGORA1316	proton
rxnAGORA1317	Water
rxnAGORA1318	Hg2+
rxnAGORA1319	L-histidine
rxnAGORA1320	Hypoxanthine
rxnAGORA1321	L-isoleucine
rxnAGORA1322	potassium
rxnAGORA1323	(R)-lactate
rxnAGORA1324	(S)-lactate
rxnAGORA1325	Lactose
rxnAGORA1326	L-leucine
rxnAGORA1327	L-lysinium(1+)
rxnAGORA1328	Maltose
rxnAGORA1329	Maltohexaose
rxnAGORA1330	maltotriose
rxnAGORA1331	mannotriose (beta-1,4)
rxnAGORA1332	D-Methionine
rxnAGORA1333	L-methionine
rxnAGORA1334	L-methionyl-L-alanine
rxnAGORA1335	L-methionine-R-sulfoxide
rxnAGORA1336	L-Methionine Sulfoxide
rxnAGORA1337	magnesium
rxnAGORA1338	Mn2+
rxnAGORA1339	Menaquinone 7
rxnAGORA1340	Sodium
rxnAGORA1341	Nicotinate
rxnAGORA1342	Ammonium
rxnAGORA1343	O2
rxnAGORA1344	octadecanoate (n-C18:0)
rxnAGORA1345	Ornithine
rxnAGORA1346	Lead
rxnAGORA1347	L-phenylalanine
rxnAGORA1348	Protoheme
rxnAGORA1349	hydrogenphosphate
rxnAGORA1350	(R)-Pantothenate
rxnAGORA1351	L-proline
rxnAGORA1352	pullulan (n=1200 repeat units, alpha-1,4 and alph-1,6 bounds)
rxnAGORA1353	Pyridoxal
rxnAGORA1354	D-ribose
rxnAGORA1355	Riboflavin
rxnAGORA1356	sialyl-T antigen
rxnAGORA1357	released sialyl-Tn antigen
rxnAGORA1358	sialyl-Tn antigen
rxnAGORA1359	L-serine
rxnAGORA1360	Siroheme
rxnAGORA1361	sulfate
rxnAGORA1362	Spermidine
rxnAGORA1363	Stachyose
rxnAGORA1364	Succinate
rxnAGORA1365	Sucrose
rxnAGORA1366	Taurine
rxnAGORA1367	Thiamin
rxnAGORA1368	L-threonine
rxnAGORA1369	Thymidine
rxnAGORA1370	trimethylamine
rxnAGORA1371	Trehalose
rxnAGORA1372	L-tryptophan
rxnAGORA1373	L-tyrosine
rxnAGORA1374	L-valine
rxnAGORA1375	aldehydo-D-xylose
rxnAGORA1376	Zinc
rxnAGORA2413	DNA replication
rxnAGORA2414	Protein biosynthesis
rxnAGORA2426	RNA transcription
rxnAGORA2427	Peptidoglycan polymer (n-1 subunits)
rxnAGORA2647	5-deoxyribose
rxnAGORA2648	5-Methylthio-D-ribose
rxnAGORA2649	Biotin
rxnAGORA2650	L-homocysteine
rxnAGORA2714	2-Dehydro-3-deoxy-D-gluconate
rxnAGORA2715	2-Hydroxyphenylacetate
rxnAGORA2716	(3,4-dihydroxyphenyl)acetate
rxnAGORA2717	L-dopa
rxnAGORA2718	3-hydroxycinnamic acid
rxnAGORA2719	3-(3-hydroxy-phenyl)propionate
rxnAGORA2720	3-methyl-2-oxopentanoate
rxnAGORA2721	4-Aminobenzoate
rxnAGORA2722	(4-hydroxyphenyl)acetaldehyde
rxnAGORA2723	5-hydroxy-L-tryptophan
rxnAGORA2724	5-Methylthioadenosine
rxnAGORA2725	L-cysteate(1-)
rxnAGORA2726	L-kynurenine
rxnAGORA2727	acetoacetate
rxnAGORA2728	2-Oxoglutarate
rxnAGORA2729	Allantoin
rxnAGORA2730	D-Arabinose
rxnAGORA2731	Arbutin
rxnAGORA2732	(R)-3-hydroxybutyrate
rxnAGORA2733	butyrate
rxnAGORA2734	butanesulfonate
rxnAGORA2735	Choline
rxnAGORA2736	cytosine
rxnAGORA2737	2,3-dihydroxicinnamic acid
rxnAGORA2738	3-(2,3-Dihydroxyphenyl)propanoate
rxnAGORA2739	dopaminium(1+)
rxnAGORA2740	ethanesulfonate
rxnAGORA2741	D-Fructose
rxnAGORA2742	Fumarate
rxnAGORA2743	D-Galactonate
rxnAGORA2744	galactitol
rxnAGORA2745	D-Glucosamine
rxnAGORA2746	glycolaldehyde
rxnAGORA2747	D-gluconate
rxnAGORA2748	Glycerol
rxnAGORA2749	Reduced glutathione
rxnAGORA2750	Guanine
rxnAGORA2751	Hydrogen sulfide
rxnAGORA2752	Hexadecanoate (n-C16:0)
rxnAGORA2753	hexanesulfonate
rxnAGORA2754	histamium
rxnAGORA2755	indole-3-acetate
rxnAGORA2756	Isethionic acid
rxnAGORA2757	(S)-malate(2-)
rxnAGORA2758	D-Mannose
rxnAGORA2759	D-Mannitol
rxnAGORA2760	3-(n-Morpholino)Propanesulfonic Acid
rxnAGORA2761	methanesulfonate
rxnAGORA2762	Nitrogen
rxnAGORA2763	Nitrous oxide
rxnAGORA2764	Nitrite
rxnAGORA2765	Nitrate
rxnAGORA2766	phenylacetate
rxnAGORA2767	propionate
rxnAGORA2768	Diphosphate
rxnAGORA2769	Putrescine
rxnAGORA2770	Pyridoxamine
rxnAGORA2771	Pyridoxine
rxnAGORA2772	Salicin
rxnAGORA2773	D-glucitol
rxnAGORA2774	serotonin(1+)
rxnAGORA2775	sulfoacetate
rxnAGORA2776	tryptaminium
rxnAGORA2777	thiosulfate(2-)
rxnAGORA2778	tetradecanoate (n-C14:0)
rxnAGORA2779	tyraminium
rxnAGORA2780	uracil
rxnAGORA3231	Trimethylamine N-oxide
rxnAGORA3232	Xanthine
rxnAGORA3333	1,5-Diaminopentane
rxnAGORA3334	meso-2,6-Diaminoheptanedioate
rxnAGORA3335	2-Demethylmenaquinone 8
rxnAGORA3336	2-Oxobutanoate
rxnAGORA3337	Adenine
rxnAGORA3338	chromate
rxnAGORA3339	Cytidine
rxnAGORA3340	2-deoxyadenosine
rxnAGORA3341	Deoxycytidine
rxnAGORA3342	Deoxyguanosine
rxnAGORA3343	Glutarate
rxnAGORA3344	Hydrogen
rxnAGORA3345	Inosine
rxnAGORA3346	Menaquinone 8
rxnAGORA3347	Ubiquinone-8
rxnAGORA3348	Uridine
rxnAGORA3397	4-Hydroxy-benzyl alcohol
rxnAGORA3398	glycolaldehyde
rxnAGORA3399	KDO(2)-lipid IV(A) with laurate
rxnAGORA3400	Citrate-Mg
rxnAGORA3401	crotonobetaine
rxnAGORA3402	laurate
rxnAGORA3403	gamma-butyrobetaine
rxnAGORA3404	NMN
rxnAGORA3427	Adenosylcobalamin
rxnAGORA3430	Dephospho-CoA
rxnAGORA3431	dTMP
rxnAGORA3432	Urea
rxnAGORA3468	1,2-Diacyl-sn-glycerol (dioctadecanoyl, n-C18:0)
rxnAGORA3469	4-hydroxyphenylacetate
rxnAGORA3470	Malonate
rxnAGORA3471	Adenosine
rxnAGORA3472	D-alanine
rxnAGORA3473	chorismate
rxnAGORA3474	Cyanate
rxnAGORA3475	etha[c]
rxnAGORA3476	Ferrichrome
rxnAGORA3477	D-Galactarate
rxnAGORA3478	D-glucarate(2-)
rxnAGORA3479	glycolate
rxnAGORA3480	Nicotinamide
rxnAGORA3481	octadecenoate (n-C18:1)
rxnAGORA3482	keto-phenylpyruvate
rxnAGORA3483	D-serine
rxnAGORA3540	5-Deoxyadenosine
rxnAGORA3566	S-Adenosyl-4-methylthio-2-oxobutanoate
rxnAGORA3567	cardiolipin (tetratetradecanoyl, n-C14:0)
rxnAGORA3568	cardiolipin (tetrahexadecanoyl, n-C16:0)
rxnAGORA3569	cardiolipin (13-methyl-tetradecanoyl, iso-C15)
rxnAGORA3570	cardiolipin (14-methyl-pentadecanoyl, iso-C16)
rxnAGORA3572	oxalate(2-)
rxnAGORA3586	Sulfur
rxnAGORA3600	7-Dehydrochenodeoxycholate
rxnAGORA3601	3alpha,12alpha-Dihydroxy-7-oxo-5beta-cholanate
rxnAGORA3602	chenodeoxycholate
rxnAGORA3603	Cholate
rxnAGORA3623	4-hydroxybenzoate
rxnAGORA3624	Phenylpropanoate
rxnAGORA3687	myo-inositol
rxnAGORA3703	(S)-propane-1,2-diol
rxnAGORA3704	Tyr-194 of apo-glycogenin protein (primer for glycogen synthesis)
rxnAGORA3705	glycogen, structure 2 (glycogenin-1,6-{7[1,4-Glc], 4[1,4-Glc]})
rxnAGORA3706	glycogen, structure 4 (glycogenin-1,6-{2[1,4-Glc], [1,4-Glc]})
rxnAGORA3707	glycogen, structure 5 (glycogenin-2[1,4-Glc])
rxnAGORA3708	Oxidized glutathione
rxnAGORA3709	L-Rhamnose
rxnAGORA3710	starch, structure 1 (1,6-{7[1,4-Glc], 4[1,4-Glc]})
rxnAGORA3711	starch, structure 2 (1,6-{2[1,4-Glc], [1,4-Glc]})
rxnAGORA3726	N,N-diacetylchitobiose
rxnAGORA3739	Hydroquinone
rxnAGORA3741	Raffinose
rxnAGORA3748	Nitric oxide
rxnAGORA3759	Arabinotriose
rxnAGORA3760	nickel
rxnAGORA3779	Choline sulfate
rxnAGORA3780	L-Carnitine
rxnAGORA3781	Diacetyl
rxnAGORA3798	2-(Hydroxymethyl)phenol
rxnAGORA3800	cellobiose
rxnAGORA3801	Deoxyinosine
rxnAGORA3802	Deoxyuridine
rxnAGORA3803	Indole
rxnAGORA3818	(R)-Acetoin
rxnAGORA3819	L-Fucose 1-phosphate
rxnAGORA3820	D-Glucose 6-phosphate
rxnAGORA3821	D-Mannose 6-phosphate
rxnAGORA3829	Melibiose
rxnAGORA3844	3-Hydroxyphenylacetate
rxnAGORA3845	AMP
rxnAGORA3869	glycochenodeoxycholate
rxnAGORA3870	glycocholate
rxnAGORA3871	L-Lyxose
rxnAGORA3872	pyruvate
rxnAGORA3873	taurocholate
rxnAGORA3874	taurochenodeoxycholate
rxnAGORA3911	Sodium
rxnAGORA3912	(S)-lactaldehyde
rxnAGORA3922	Reduced glutathione
rxnAGORA3923	Siroheme
rxnAGORA3941	D-Galacturonate
rxnAGORA3942	D-glucuronate
rxnAGORA3943	Guanosine
rxnAGORA3962	Isobutyrate, 2-Methylpropanoate
rxnAGORA3963	Isocaproate
rxnAGORA3964	Isovalerate, 3-Methylbutanoate
rxnAGORA3965	lanosterol
rxnAGORA3976	Phenol
rxnAGORA3987	Chicory inulin, 30 monosaccharide units (29 fru, 1 glc) on average
rxnAGORA3988	Isoprene
rxnAGORA4021	cardiolipin (12-methyl-tetradecanoyl, anteiso-C15)
rxnAGORA4022	3-Dehydrochenodeoxycholate
rxnAGORA4023	3-Dehydrocholate
rxnAGORA4031	Kestose (2 fru, 1 glc inulin-type fructo-oligosaccharide)
rxnAGORA4032	Kestopentaose (4 fru, 1 glc inulin-type fructo-oligosaccharide)
rxnAGORA4033	Kestotetraose (3 fru, 1 glc inulin-type fructo-oligosaccharide)
rxnAGORA4046	5,6-Dimethylbenzimidazole
rxnAGORA4049	12-Dehydrocholate
rxnAGORA4051	L-homoserine
rxnAGORA4065	Molybdate
rxnAGORA4095	Isocitrate
rxnAGORA4109	Pimelate
rxnAGORA4110	L-Sorbitol (iMM904)
rxnAGORA4119	cardiolipin (12-methyl-tridecanoyl, iso-C14)
rxnAGORA4120	R_R__2_3_Butanediol
rxnAGORA4125	teichuronic acid (GlcA + GalNac, 45 repeating unit)
rxnAGORA4136	methanol
rxnAGORA4137	pectins
rxnAGORA4170	Protoheme
rxnAGORA4171	Dimer GalNAc-GlcA
rxnAGORA4172	Dimer GalNAc-IdoA
rxnAGORA4173	Dimer GalNAc-IdoA2S
rxnAGORA4174	Larch arabinogalactan, gal/ara 6:1, small amount of glcur, MW ~ 116000
rxnAGORA4175	chondroitin sulfate A (GalNAc4S-GlcA) proteoglycan
rxnAGORA4176	Dimer GalNAc4S-GlcA
rxnAGORA4177	Not degradable product CSABCPASE_A/B, Gal4S-Gal-Xyl-L-Ser-protein
rxnAGORA4178	chondroitin sulfate B / dermatan sulfate (IdoA2S-GalNAc4S) proteoglycan
rxnAGORA4179	Dimer GalNAc4S-IdoA2S
rxnAGORA4180	chondroitin sulfate C (GalNAc6S-GlcA) proteoglycan
rxnAGORA4181	Dimer GalNAc6S-GlcA
rxnAGORA4182	Not degradable product CSABCPASE_C, Gal6S-Gal-Xyl-L-Ser-protein
rxnAGORA4183	hyaluronan
rxnAGORA4184	hyaluronan degradation product 1
rxnAGORA4185	hyaluronan biosynthesis, precursor 1
rxnAGORA4186	Homogalacturonan, 100 galacturonate residues. Assumed to be methylated/ acetylated in every 5th residue. Citrus HG consists of 7... <Preview truncated at 128 characters>
rxnAGORA4187	L-iduronate
rxnAGORA4188	Pectic galactan (potato), gal: arab-L: rmn: galur = 78: 9: 4: 9 (www.megazyme.com). Assumed to consist of 100 sugars per macromo... <Preview truncated at 128 characters>
rxnAGORA4189	Potato rhamnogalacturonan I, MW assumed ~200000, 62 galur, 20 rmn, 12 gal, 3 arab-L, 1 xyl-D (www.megazyme.com, PMID: 16661590)
rxnAGORA4215	Amylopectin, 900 repeat units
rxnAGORA4216	amylose (n=300 repeat units, alpha-1,4-glc)
rxnAGORA4217	Arabinan, polymer of 1,5-a-L-linked arabinofuranose units substituted by 1,3 or 1,2 linked branches, MW ~ 15000 Da (REF: www.meg... <Preview truncated at 128 characters>
rxnAGORA4218	Arabinoxylan, 30 xyl_D, 18 arab_L, 3 gal, 3 glc_D
rxnAGORA4219	beta-glucans
rxnAGORA4220	Dextran 40, 1,6-alpha-D-Glucan
rxnAGORA4221	Carob galactomannan, Gal:Man ratio 22/78. 220 gal, 780 man assumed
rxnAGORA4222	Glucosamine 2,6-sulfate
rxnAGORA4223	Konjac glucomannan, MW 77,500 (PMID:17962981), Man:Glc ~ 2:1. -> 286 man, 143 glc_D
rxnAGORA4224	heparan sulfate proteoglycan
rxnAGORA4225	Product 1 HEPARL1_e, IdoA-GlcN2,6diS-GlcA-GlcN2,3,6triS
rxnAGORA4226	Product AS3TASE_HS2, GlcN2S-IdoA-GlcNAc-GlcA-Gal-Gal-Xyl-L-Ser (protein)
rxnAGORA4227	Product GAM2STASE_HS3, GlcN-IdoA-GlcNAc-GlcA-Gal-Gal-Xyl-L-Ser (protein)
rxnAGORA4228	Product GLCNACASE_HS2, GlcA-GlcNAc-IdoA-Gal-Gal-Xyl-L-Ser (protein)
rxnAGORA4229	Product GLCAASE_HS, GlcNAc-IdoA-Gal-Gal-Xyl-L-Ser (protein)
rxnAGORA4230	Product GLCNACASE_HS3, IdoA-Gal-Gal-Xyl-L-Ser (protein)
rxnAGORA4231	Product IDOURASE_HS3, Gal-Gal-Xyl-L-Ser (protein)
rxnAGORA4232	Product 2 HEPARL1_e, IdoA2S-GlcN2,6diS-IdoA2S-GlcNAc3S-GlcA-Gal-Gal-Xyl-L-Ser (protein)
rxnAGORA4233	Product IDOURASE_HS1, GlcN2,6diS-GlcA-GlcN2,3,6triS
rxnAGORA4234	Product AS6TASE_HS1, GlcN2S-GlcA-GlcN2,3diS
rxnAGORA4235	Product AS3TASE_HS1, GlcN2S-GlcA-GlcN2S
rxnAGORA4236	Product GAM2STASE_HS2, GlcN-GlcA-GlcN
rxnAGORA4237	Product IS2TASE_HS1, IdoA-GlcN2,6diS-IdoA-GlcNAc3S-GlcA-Gal-Gal-Xyl-L-Ser (protein)
rxnAGORA4238	Product IDOURASE_HS2, GlcN2,6diS-IdoA-GlcNAc3S-GlcA-Gal-Gal-Xyl-L-Ser (protein)
rxnAGORA4239	Product AS6TASE_HS2, GlcN2S-IdoA-GlcNAc3S-GlcA-Gal-Gal-Xyl-L-Ser (protein)
rxnAGORA4240	Undegradable product GALASE_HS, Xyl-L-Ser (protein)
rxnAGORA4241	Levan, 1000 fructose units
rxnAGORA4242	Levanbiose
rxnAGORA4243	Levantriose
rxnAGORA4244	Levantetraose
rxnAGORA4245	Lichenin from Icelandic moss, 170 glucose residues. DOI: 10.1039/JR9570001951
rxnAGORA4246	Laminaribiose
rxnAGORA4247	laminarin (n=30 repeat units, beta -1,3 glc)
rxnAGORA4248	Xyluglucan, PMID:16663672, Fry SC 1989. 600 glc_D, 360 xyl_D, 108 gal, 60 fuc_L, 6 arab_L
rxnAGORA4283	trans-4-hydroxy-L-proline
rxnAGORA4284	Isochenodeoxycholate
rxnAGORA4285	Isocholate
rxnAGORA4291	Oat spelt xylan, MW 79200 (DOI: 10.1002/masy.200551405) = 528 xyl_D
rxnAGORA4314	2-o-methylfucose (rare sugar in rhamnogalacturonan II)
rxnAGORA4315	2-O-methylxylose (rare sugar in rhamnogalacturonan II)
rxnAGORA4316	3-deoxy-d-lyxo-heptulosaric acid (rare sugar in rhamnogalacturonan II)
rxnAGORA4317	Aceric acid (3-C-carboxy-5-deoxy-l-xylose) (rare sugar in rhamnogalacturonan II)
rxnAGORA4318	D-Apiose (rare sugar in rhamnogalacturonan II)
rxnAGORA4319	3-Deoxy-D-manno-2-octulosonate
rxnAGORA4320	Alpha-mannan, yeast, has a MW of about 25000 (PMID: 5461381), equals ~ 140 mannose units. ID according to iMM904
rxnAGORA4321	Wine rhamnogalacturonan II, MW ~ 5-10 kDa, 37% galur, 16% rmn, 3% fuc-L, 11% arab-L, 6% gal, 5% glcur, 4% 2omfuc, 3% 2omxyl, 6% ... <Preview truncated at 128 characters>
rxnAGORA4480	dTTP
rxnAGORA4487	N-acetyl-D-mannosamine
rxnAGORA4524	5-Methyltetrahydrofolate
rxnAGORA4525	starch n=1200 repeat units (300 repeat units amylose, 900 repeat units amylopectin, corresponds to potatoe starch)
rxnAGORA4526	5,6,7,8-Tetrahydrofolate
rxnAGORA4547	Galacto-N-biose
rxnAGORA4548	Lacto-N-biose
rxnAGORA4559	Propane-1,3-diol
rxnAGORA4560	Menaquinone 7
rxnAGORA4561	Menaquinone 8
rxnAGORA4562	Ubiquinone-8
rxnAGORA4654	xanthosine
rxnAGORA4664	Dimethyl sulfide
rxnAGORA4665	Dimethyl sulfoxide
rxnAGORA4666	Sulfite
rxnAGORA4676	Tetrathionate
rxnAGORA4700	Coenzyme A
rxnAGORA4701	GTP
rxnAGORA4702	Thiamin monophosphate
rxnAGORA4726	Cellulose, chain length 500 glc_D assumed, DOI: 10.1002/anie.200460587
rxnAGORA4731	S-Adenosyl-L-methionine
rxnAGORA4732	CMP
rxnAGORA4733	dATP
rxnAGORA4734	Nicotinamide adenine dinucleotide phosphate
rxnAGORA4744	L-Idonate
rxnAGORA4759	trans-Cinnamate
rxnAGORA4760	selenate
rxnAGORA4761	selenite
rxnAGORA4769	butanol
rxnAGORA4774	Methanethiol
rxnAGORA4782	Indolepropionate
rxnAGORA4783	(R)-3-(4-Hydroxyphenyl)propionate
rxnAGORA4819	2-Oxobutanoate
rxnAGORA4836	2-methylbutyrate
rxnAGORA4837	4-Methylcatechol
rxnAGORA4838	5-Aminopentanoate
rxnAGORA4839	Indole-3-propionate
rxnAGORA4840	p-Cresol
rxnAGORA4891	choloyl-CoA(4-)
rxnAGORA4892	chenodeoxycholoyl coenzyme a
rxnAGORA4893	Ursodeoxycholoyl-CoA
rxnAGORA4894	lithocholate
rxnAGORA4895	Ursodiol
rxnAGORA4896	Allodeoxycholic acid
rxnAGORA4897	Allolithocholic acid
rxnAGORA4898	deoxycholic acid
rxnAGORA4911	L-cystine
rxnAGORA4912	Reduced riboflavin
rxnAGORA4928	p-hydroxyphenylpropionic acid
rxnAGORA4948	Valeric Acid
rxnAGORA4953	Ursocholate
rxnAGORA5028	Ubiquinol-8
rxnAGORA5120	Choline sulfate
rxnAGORA5127	Polysulfide
rxnAGORA5131	Thiamine diphosphate
rxnAGORA5155	cholesterol
rxnAGORA5156	Coprostanol
rxnAGORA5182	S-Adenosyl-L-homocysteine
rxnAGORA5258	Methane
rxnAGORA5259	formaldehyde
rxnAGORA5260	Bicarbonate
rxnAGORA5348	Hydrogen peroxide
rxnAGORA5476	Oxaloacetate
rxnAGORA5485	dTDP-L-rhamnose
rxnAGORA5486	UDP-D-glucuronate
rxnAGORA5538	choline phosphate(1-)
