rxnID	metNames
rxnAGORA0284	cardiolipin (tetraoctadecanoyl, n-C18:0)
rxnAGORA0285	cardiolipin (14-methyl-hexadecanoyl, anteiso-C17)
rxnAGORA0286	cardiolipin (15-methyl-hexadecanoyl, iso-C17)
rxnAGORA0287	4,5-dihydroxy-2,3-pentanedione
rxnAGORA0288	teichuronic acid (GlcA + GalNac, 45 repeating unit)
rxnAGORA0317	4-Aminobutanoate
rxnAGORA0318	7-Aminoclonazepam
rxnAGORA0319	Acetate
rxnAGORA0320	Acetaldehyde
rxnAGORA0321	Adenosylcobalamin
rxnAGORA0322	L-alanine
rxnAGORA0323	L-alanyl-L-aspartate
rxnAGORA0324	L-alanyl-L-glutamine
rxnAGORA0325	L-alanyl-L-glutamate
rxnAGORA0326	L-alanylglycine
rxnAGORA0327	L-alanyl-L-histidine
rxnAGORA0328	L-alanyl-L-leucine
rxnAGORA0329	L-alanyl-L-threonine
rxnAGORA0330	7-Amino Nitrozepam
rxnAGORA0331	L-arabinose
rxnAGORA0332	L-arginine
rxnAGORA0333	Arsenobetaine
rxnAGORA0334	arsenite
rxnAGORA0335	arsenate
rxnAGORA0336	Produced biomass
rxnAGORA0337	Biotin
rxnAGORA0338	calcium(2+)
rxnAGORA0339	Cob(I)alamin
rxnAGORA0340	Cob(II)alamin
rxnAGORA0341	Cadmium
rxnAGORA0342	L-cysteinylglycine
rxnAGORA0343	Chloramphenicol
rxnAGORA0344	Citrate
rxnAGORA0345	Chloride
rxnAGORA0346	Carbon dioxide
rxnAGORA0347	Co2+
rxnAGORA0348	Cu2+
rxnAGORA0349	Clonazepam
rxnAGORA0350	Dextrin
rxnAGORA0351	Gemcitabine
rxnAGORA0352	2,2-Difluorodeoxyuridine
rxnAGORA0353	2-deoxy-D-ribose
rxnAGORA0354	Ethanol
rxnAGORA0355	Fe2+
rxnAGORA0356	Fe3+
rxnAGORA0357	Folate
rxnAGORA0358	Formate
rxnAGORA0359	D-Galactose
rxnAGORA0360	D-glucose
rxnAGORA0361	L-glutamine
rxnAGORA0362	L-glutamate
rxnAGORA0363	Glycine
rxnAGORA0364	Glycyl-L-asparagine
rxnAGORA0365	Glycyl-L-aspartate
rxnAGORA0366	glycine betaine
rxnAGORA0367	Glycerol 3-phosphate
rxnAGORA0368	Gly-Cys
rxnAGORA0369	Glycyl-L-glutamine
rxnAGORA0370	Glycyl-L-glutamate
rxnAGORA0371	Glycylleucine
rxnAGORA0372	Glycyl-L-methionine
rxnAGORA0373	Glycylphenylalanine
rxnAGORA0374	Glycylproline
rxnAGORA0375	Glycyl-L-tyrosine
rxnAGORA0376	proton
rxnAGORA0377	Water
rxnAGORA0378	Hg2+
rxnAGORA0379	Hypoxanthine
rxnAGORA0380	L-isoleucine
rxnAGORA0381	potassium
rxnAGORA0382	D-lactate
rxnAGORA0383	L-lactate
rxnAGORA0384	Lactulose
rxnAGORA0385	Lactose
rxnAGORA0386	L-leucine
rxnAGORA0387	Maltose
rxnAGORA0388	Maltohexaose
rxnAGORA0389	maltotriose
rxnAGORA0390	mannotriose (beta-1,4)
rxnAGORA0391	D-Methionine
rxnAGORA0392	L-methionine
rxnAGORA0393	L-methionyl-L-alanine
rxnAGORA0394	L-Methionine Sulfoxide
rxnAGORA0395	magnesium
rxnAGORA0396	Mn2+
rxnAGORA0397	Menaquinone 8
rxnAGORA0398	Sodium
rxnAGORA0399	Nicotinate
rxnAGORA0400	Nitrosochloramphenicol
rxnAGORA0401	Ammonium
rxnAGORA0402	Nitrazepam, Benzalin, Neozepam
rxnAGORA0403	O2
rxnAGORA0404	octadecanoate (n-C18:0)
rxnAGORA0405	Ornithine
rxnAGORA0406	Lead
rxnAGORA0407	L-phenylalanine
rxnAGORA0408	Protoheme
rxnAGORA0409	hydrogenphosphate
rxnAGORA0410	(R)-Pantothenate
rxnAGORA0411	L-proline
rxnAGORA0412	pullulan (n=1200 repeat units, alpha-1,4 and alph-1,6 bounds)
rxnAGORA0413	Pyridoxal
rxnAGORA0414	Pyridoxine
rxnAGORA0415	D-ribose
rxnAGORA0416	Riboflavin
rxnAGORA0417	Siroheme
rxnAGORA0418	sulfate
rxnAGORA0419	Spermidine
rxnAGORA0420	Stachyose
rxnAGORA0421	Succinate
rxnAGORA0422	Sucrose
rxnAGORA0423	Taurine
rxnAGORA0424	Thiamin
rxnAGORA0425	Thymidine
rxnAGORA0426	Trehalose
rxnAGORA0427	L-tryptophan
rxnAGORA0428	L-valine
rxnAGORA0429	aldehydo-D-xylose
rxnAGORA0430	Zinc
rxnAGORA1027	DNA replication
rxnAGORA1028	Protein biosynthesis
rxnAGORA1040	RNA transcription
rxnAGORA1041	Peptidoglycan polymer (n-1 subunits)
rxnAGORA1145	4-Hydroxy-benzyl alcohol
rxnAGORA1146	5-deoxyribose
rxnAGORA1199	meso-2,6-Diaminoheptanedioate
rxnAGORA1200	(3,4-dihydroxyphenyl)acetate
rxnAGORA1201	3-Hydroxyphenylacetate
rxnAGORA1202	4-hydroxybenzoate
rxnAGORA1203	N-acetyl-D-glucosamine
rxnAGORA1204	D-alanine
rxnAGORA1205	Allantoin
rxnAGORA1206	Arbutin
rxnAGORA1207	benzoate
rxnAGORA1208	Benzamide
rxnAGORA1209	Choline
rxnAGORA1210	cytosine
rxnAGORA1211	Dextran 40, 1,6-alpha-D-Glucan
rxnAGORA1212	D-Fructose
rxnAGORA1213	galactitol
rxnAGORA1214	D-Glucosamine
rxnAGORA1215	glycolaldehyde
rxnAGORA1216	Glycerol
rxnAGORA1217	D-Mannose
rxnAGORA1218	D-Mannitol
rxnAGORA1219	NMN
rxnAGORA1220	oxalate(2-)
rxnAGORA1221	Diphosphate
rxnAGORA1222	R406
rxnAGORA1223	R788 (Fostamatinib)
rxnAGORA1224	Salicin
rxnAGORA1225	D-glucitol
rxnAGORA1226	D-serine
rxnAGORA1227	L-serine
rxnAGORA1228	tetradecanoate (n-C14:0)
rxnAGORA1229	D-Turanose
rxnAGORA1230	L-tyrosine
rxnAGORA1231	uracil
rxnAGORA1546	Biotin
rxnAGORA1556	(S)-propane-1,2-diol
rxnAGORA1557	2-Hydroxyphenylacetate
rxnAGORA1558	Arabinotriose
rxnAGORA1559	L-aspartate
rxnAGORA1560	laurate
rxnAGORA1561	L-histidine
rxnAGORA1562	L-methionine-R-sulfoxide
rxnAGORA1563	Nitrous oxide
rxnAGORA1564	Nitric oxide
rxnAGORA1565	Nitrite
rxnAGORA1566	Nitrate
rxnAGORA1567	Propanal
rxnAGORA1568	Putrescine
rxnAGORA1840	2-(Hydroxymethyl)phenol
rxnAGORA1843	1,2-Diacyl-sn-glycerol (dioctadecanoyl, n-C18:0)
rxnAGORA1844	L-cysteate(1-)
rxnAGORA1845	L-asparagine
rxnAGORA1846	butanesulfonate
rxnAGORA1847	cellobiose
rxnAGORA1848	chromate
rxnAGORA1849	Dephospho-CoA
rxnAGORA1850	ethanesulfonate
rxnAGORA1851	Oxidized glutathione
rxnAGORA1852	Hydrogen
rxnAGORA1853	hexanesulfonate
rxnAGORA1854	Chicory inulin
rxnAGORA1855	Isethionic acid
rxnAGORA1856	3-(n-Morpholino)Propanesulfonic Acid
rxnAGORA1857	Menaquinone 7
rxnAGORA1858	methanesulfonate
rxnAGORA1859	Raffinose
rxnAGORA1860	sulfoacetate
rxnAGORA1913	Hydroquinone
rxnAGORA1915	Butyrate
rxnAGORA1916	Melibiose
rxnAGORA1917	Propionate
rxnAGORA1918	L-threonine
rxnAGORA1960	5-Aminosalicylic Acid (Mesalamine)
rxnAGORA1961	4-Aminobenzoyl-Beta-Alanine
rxnAGORA1962	Balsalazide
rxnAGORA1963	Cellulose, chain length 500 glc_D assumed, DOI: 10.1002/anie.200460587
rxnAGORA1964	Molybdate
rxnAGORA1965	Neoprontosil
rxnAGORA1966	Olsalazine
rxnAGORA1967	Prontosil
rxnAGORA1968	Ubiquinone-8
rxnAGORA1969	Sulfanilamide
rxnAGORA1970	Sulfasalazine
rxnAGORA1971	Sulfapyridine
rxnAGORA1972	1,2,4-Triaminobenzene
rxnAGORA2014	Ferrichrome
rxnAGORA2015	Pyruvate
rxnAGORA2016	starch, structure 1 (1,6-{7[1,4-Glc], 4[1,4-Glc]})
rxnAGORA2017	starch, structure 2 (1,6-{2[1,4-Glc], [1,4-Glc]})
rxnAGORA2018	Xanthine
rxnAGORA2066	Adenine
rxnAGORA2067	Inosine
rxnAGORA2068	L-lysine
rxnAGORA2160	Acetoacetate
rxnAGORA2161	2-Oxoglutarate
rxnAGORA2162	(R)-3-hydroxybutyrate
rxnAGORA2163	Choline sulfate
rxnAGORA2164	L-Carnitine
rxnAGORA2165	Fumarate
rxnAGORA2166	D-Galactarate
rxnAGORA2167	D-glucarate(2-)
rxnAGORA2168	Indole
rxnAGORA2169	myo-inositol
rxnAGORA2170	L-malate
rxnAGORA2171	Oxaloacetate
rxnAGORA2172	L-Rhamnose
rxnAGORA2370	5-Methylthio-D-ribose
rxnAGORA2371	S-Adenosyl-4-methylthio-2-oxobutanoate
rxnAGORA2372	5-Deoxyadenosine
rxnAGORA2373	[ThiS protein]
rxnAGORA2379	2-Dehydro-3-deoxy-D-gluconate
rxnAGORA2380	2-Demethylmenaquinone 8
rxnAGORA2381	5-Fluorouracil
rxnAGORA2382	2,3-dihydroxicinnamic acid
rxnAGORA2383	3-(2,3-Dihydroxyphenyl)propanoate
rxnAGORA2384	5-Fluorocytosine
rxnAGORA2385	D-Galactonate
rxnAGORA2386	D-gluconate
rxnAGORA2387	Hexadecanoate (n-C16:0)
rxnAGORA2388	Nitrogen
rxnAGORA2389	phenylacetate
rxnAGORA2390	Pimelate
rxnAGORA2391	trimethylamine
rxnAGORA2392	Trimethylamine N-oxide
rxnAGORA2393	thiosulfate(2-)
rxnAGORA2508	Sulfur
rxnAGORA2509	Thiocarboxy-[ThiS protein]
rxnAGORA2587	L-homocysteine
rxnAGORA2588	KDO(2)-lipid IV(A) with laurate
rxnAGORA2597	L-dopa
rxnAGORA2598	3-methyl-2-oxopentanoate
rxnAGORA2599	4-Aminobenzoate
rxnAGORA2600	(4-hydroxyphenyl)acetaldehyde
rxnAGORA2601	5-hydroxy-L-tryptophan
rxnAGORA2602	5-Methylthioadenosine
rxnAGORA2603	L-kynurenine
rxnAGORA2604	cis-Aconitate
rxnAGORA2605	D-Arabinose
rxnAGORA2606	Dopamine
rxnAGORA2607	Guanine
rxnAGORA2608	Hydrogen sulfide
rxnAGORA2609	Isovalerate, 3-Methylbutanoate
rxnAGORA2610	keto-phenylpyruvate
rxnAGORA2611	Pyridoxamine
rxnAGORA2612	Serotonin
rxnAGORA2613	Tryptamine
rxnAGORA2822	1,5-Diaminopentane
rxnAGORA2823	Malonate
rxnAGORA2824	L-cysteine
rxnAGORA2825	Ethanolamine
rxnAGORA2873	Sodium
rxnAGORA2875	Adenosine
rxnAGORA2876	cholesterol
rxnAGORA2877	Glutarate
rxnAGORA2878	Orotate
rxnAGORA2879	Pyridoxal 5-phosphate
rxnAGORA2930	glycolaldehyde
rxnAGORA2931	4-Amino-5-hydroxymethyl-2-methylpyrimidine
rxnAGORA2932	Citrate-Mg
rxnAGORA2933	crotonobetaine
rxnAGORA2934	gamma-butyrobetaine
rxnAGORA2935	p-Cresol
rxnAGORA3003	Ubiquinol-8
rxnAGORA3005	D-Alanyl-D-alanine
rxnAGORA3006	S-Adenosyl-L-methionine
rxnAGORA3007	nickel
rxnAGORA3054	Reduced glutathione
rxnAGORA3055	Urea
rxnAGORA3064	Adenosylcobalamin
rxnAGORA3069	dTMP
rxnAGORA3076	D-Galacturonate
rxnAGORA3077	D-glucuronate
rxnAGORA3109	Tyr-194 of apo-glycogenin protein (primer for glycogen synthesis)
rxnAGORA3110	glycogen, structure 2 (glycogenin-1,6-{7[1,4-Glc], 4[1,4-Glc]})
rxnAGORA3111	glycogen, structure 4 (glycogenin-1,6-{2[1,4-Glc], [1,4-Glc]})
rxnAGORA3112	glycogen, structure 5 (glycogenin-2[1,4-Glc])
rxnAGORA3141	4-hydroxyphenylacetate
rxnAGORA3142	Cyanate
rxnAGORA3143	methanol
rxnAGORA3179	Nicotinamide
rxnAGORA3497	chenodeoxycholate
rxnAGORA3498	Cholate
rxnAGORA3499	glycochenodeoxycholate
rxnAGORA3500	glycocholate
rxnAGORA3501	taurocholate
rxnAGORA3502	taurochenodeoxycholate
rxnAGORA3636	N-Acetyl-5-Aminosalicylic Acid
rxnAGORA3637	N-Acetylisoniazid
rxnAGORA3638	Isoniazid
rxnAGORA3654	deoxycholic acid
rxnAGORA3655	Taurodeoxycholic acid
rxnAGORA3665	cardiolipin (tetratetradecanoyl, n-C14:0)
rxnAGORA3666	cardiolipin (tetrahexadecanoyl, n-C16:0)
rxnAGORA3667	cardiolipin (13-methyl-tetradecanoyl, iso-C15)
rxnAGORA3668	cardiolipin (14-methyl-pentadecanoyl, iso-C16)
rxnAGORA3703	N(alpha)-Benzyloxycarbonyl-L-leucine
rxnAGORA3704	Toluene
rxnAGORA3719	7-Dehydrochenodeoxycholate
rxnAGORA3720	3alpha,12alpha-Dihydroxy-7-oxo-5beta-cholanate
rxnAGORA3733	N-acetylneuraminate
rxnAGORA3734	Dimethyl sulfide
rxnAGORA3735	Dimethyl sulfoxide
rxnAGORA3736	Phenylpropanoate
rxnAGORA3809	selenate
rxnAGORA3810	selenite
rxnAGORA3848	Cytidine
rxnAGORA3865	D-tagatose
rxnAGORA3876	Guanosine
rxnAGORA3877	lanosterol
rxnAGORA3911	Oat spelt xylan
rxnAGORA3945	2-deoxyadenosine
rxnAGORA3946	Uridine
rxnAGORA3962	S-Adenosyl-L-homocysteine
rxnAGORA3963	chorismate
rxnAGORA3964	Thymine
rxnAGORA3986	o-Succinylbenzoate
rxnAGORA4004	L-fucose
rxnAGORA4005	Thiamin monophosphate
rxnAGORA4015	(R)-Acetoin
rxnAGORA4029	Diacetyl
rxnAGORA4392	1-hydroxy S-ibuprofen
rxnAGORA4393	1-hydroxy S-ibuprofen-glucuronide
rxnAGORA4394	1-OH-midazolam-glucuronide
rxnAGORA4395	1-OH-midazolam
rxnAGORA4396	2-hydroxy-atorvastatin-acid / ortho-hydroxy-atorvastatin acid
rxnAGORA4397	2-hydroxy-atorvastatin-acyl-glucuronide
rxnAGORA4398	2-hydroxy-atorvastatin-lactone / ortho-hydroxy-atorvastatin lactone
rxnAGORA4399	2-hydroxy-atorvastatin-lactone-glucuronide
rxnAGORA4400	2-hydroxy-S-ibuprofen
rxnAGORA4401	2-hydroxy S-ibuprofen-glucuronide
rxnAGORA4402	2-Hydroxycarbamazepine
rxnAGORA4403	2-Hydroxy Carbamazepine Glucuronide
rxnAGORA4404	2-Hydroxymetronidazole
rxnAGORA4405	2-Hydroxymetronidazole Glucuronide
rxnAGORA4406	3-hydroxy S-ibuprofen
rxnAGORA4407	3-hydroxy S-ibuprofen-glucuronide
rxnAGORA4408	3-methoxy-acetaminophen
rxnAGORA4409	3-Hydroxycarbamazepine
rxnAGORA4410	3-Hydroxy Carbamazepine Glucuronide
rxnAGORA4411	3-Hydroxydesloratadine
rxnAGORA4412	3-Hydroxydesloratadine Glucuronide
rxnAGORA4413	3-Hydroxy N-Desethylamiodarone (3-Hydroxy_MDEA) (M8)
rxnAGORA4414	3-Hydroxy N-Desethylamiodarone Glucuronide (3-Hydroxy_MDEA_Glc) (M15)
rxnAGORA4415	3-Hydroxymorphinan
rxnAGORA4416	3-Hydroxymorphinan O-Glucuronide
rxnAGORA4417	4-Dehydroxytempol
rxnAGORA4418	4-Dehydroxytempol 1-O-Glucuronide
rxnAGORA4419	4-OH-midazolam-glucuronide
rxnAGORA4420	4-Hydroxydiclofenac
rxnAGORA4421	4-Hydroxydiclofenac Glucuronide
rxnAGORA4422	4-Hydroxybenzyl Ketoprofen
rxnAGORA4423	4-Hydroxybenzyl Ketoprofen Glucuronide
rxnAGORA4424	4-Hydroxy Levamisole (M1)
rxnAGORA4425	4-Hydroxy Levamisole Glucuronide
rxnAGORA4426	4-Hydroxymethamphetamine
rxnAGORA4427	4-Hydroxymethamphetamine Glucuronide
rxnAGORA4428	4-Hydroxypropanolol
rxnAGORA4429	4-Hydroxypropranolol Glucuronide
rxnAGORA4430	4-Hydroxytriazolam
rxnAGORA4431	4-Hydroxy Triazolam Glucuronide
rxnAGORA4432	4-Hydroxyvoriconazole
rxnAGORA4433	4-Hydroxyvoriconazole Glucuronide
rxnAGORA4434	4-OH-midazolam
rxnAGORA4435	5-Hydroxy-Sulfapyridine
rxnAGORA4436	5-Hydroxy-Sulfapyridine-O-Glucuronide
rxnAGORA4437	5-hydroxy-fluvastatin
rxnAGORA4438	5-hydroxy-fluvastatin-glucuronide
rxnAGORA4439	6-beta-OH-gliclazide
rxnAGORA4440	6-beta-OH-gliclazide-glucuronide
rxnAGORA4441	6-hydroxy-fluvastatin
rxnAGORA4442	6-hydroxy-fluvastatin-glucuronide
rxnAGORA4443	7-beta-OH-gliclazide
rxnAGORA4444	7-beta-OH-gliclazide-glucuronide
rxnAGORA4445	7-hydroxy-Efavirenz
rxnAGORA4446	7-hydroxy-Efavirenz Glucuronide
rxnAGORA4447	8,14-Dihydroxyefavirenz
rxnAGORA4448	8,14-Dihydroxyefavirenz Glucuronide
rxnAGORA4449	8-hydroxy-Efavirenz
rxnAGORA4450	8-hydroxy-Efavirenz Glucuronide
rxnAGORA4451	N-Hydroxylated Phenacetin
rxnAGORA4452	N-Hydroxylated Phenacetin Glucuronide
rxnAGORA4453	R-6-Hydroxywarfarin
rxnAGORA4454	R-6-Hydroxywarfarin Glucuronate
rxnAGORA4455	R-7-Hydroxywarfarin
rxnAGORA4456	R-7-Hydroxy Warfarin Glucuronate
rxnAGORA4457	R-8-Hydroxywarfarin
rxnAGORA4458	R-8-Hydroxywarfarin Glucuronate
rxnAGORA4459	S-4-Hydroxywarfarin
rxnAGORA4460	S-4-Hydroxywarfarin Glucuronate
rxnAGORA4461	S-6-Hydroxywarfarin
rxnAGORA4462	S-6-Hydroxywarfarin Glucuronate
rxnAGORA4463	Acetyl 4-Aminobenzoylglycine
rxnAGORA4464	Acetyl 4-Aminobenzoylglycine Glucuronide
rxnAGORA4465	acetaminophen/ paracetamol
rxnAGORA4466	Acetaminophen Glucuronide
rxnAGORA4467	Acetaminophen glucuronide
rxnAGORA4468	4-Hydroxyalprazolam
rxnAGORA4469	4-Hydroxyalprazolam Glucuronide
rxnAGORA4470	Alpha-Hydroxyalprazolam
rxnAGORA4471	Alpha-Hydroxyalprazolam Glucuronide
rxnAGORA4472	Desmethylalfentanil (AM14)
rxnAGORA4473	Desmethylalfentanil Glucuronide (AM14 Glucuronide)
rxnAGORA4474	AM1c (cyclosporine)
rxnAGORA4475	AM1c-glucuronide (cyclosporine)
rxnAGORA4476	N-(4-Hydroxyphenyl)Propanamide (AM5)
rxnAGORA4477	N-(4-Hydroxyphenyl)Propanamide Glucuronide (AM5 Glucuronide)
rxnAGORA4478	Desmethylnoralfentanil (AM6)
rxnAGORA4479	Desmethylnoralfentanil Glucuronide (AM6 Glucuronide)
rxnAGORA4480	Amiodarone
rxnAGORA4481	Carboxylamiodarone (M12)
rxnAGORA4482	Carboxylamiodarone Glucuronide (M19)
rxnAGORA4483	Amiodarone Glucuronide (M16)
rxnAGORA4484	4-Aminobenzoylglycine
rxnAGORA4485	4-Aminobenzoylglycine Glucuronide
rxnAGORA4486	Oxidation Product Of M3 M6
rxnAGORA4487	Amantadine M6 Glucuronide
rxnAGORA4488	atorvastatin-acid
rxnAGORA4489	atorvastatin-acyl-glucuronide / G2
rxnAGORA4490	atorvastatin-ether-glucuronide -G1
rxnAGORA4491	atorvastatin-lactone
rxnAGORA4492	atorvastatin-lactone-ether-glucuronide / G3
rxnAGORA4493	(Bis-(P-Hydroxyphenyl)-Pyridyl-2-Methane
rxnAGORA4494	Bis-(P-Hydroxy-Phenyl)-Pyridyl-2-Methane Glucuronide
rxnAGORA4495	BILR 355
rxnAGORA4496	BILR M10
rxnAGORA4497	BILR M12
rxnAGORA4498	BILR M14
rxnAGORA4499	BILR M15
rxnAGORA4500	BILR M16
rxnAGORA4501	BILR M7
rxnAGORA4502	Bosentan
rxnAGORA4503	Bosentan Glucuronide
rxnAGORA4504	Benzoic Acid Glucuronide
rxnAGORA4505	S-carboxy ibuprofen
rxnAGORA4506	S-carboxy ibuprofen glucuronide
rxnAGORA4507	Carbamazepine
rxnAGORA4508	Carbamazepine Glucuronide
rxnAGORA4509	CD6168
rxnAGORA4510	CD6168 Glucuronide
rxnAGORA4511	Chloramphenicol 3-Glucuronide
rxnAGORA4512	Celecoxib
rxnAGORA4513	Carboxycelecoxib
rxnAGORA4514	Carboxycelecoxib Glucuronide
rxnAGORA4515	Celecoxib Glucuronide
rxnAGORA4516	Clopidogrel Carboxylic Acid
rxnAGORA4517	Clopidogrel Acyl-Beta-D-Glucuronide
rxnAGORA4518	cerivastatin-M1
rxnAGORA4519	cerivastatin-M23
rxnAGORA4520	cerivastatin-M1-glucuronide
rxnAGORA4521	cerivastatin-M23-glucuronide
rxnAGORA4522	Deaminated Amiodarone (M5)
rxnAGORA4523	Deaminated Amiodarone Glucuronide (M14)
rxnAGORA4524	Diclofenac
rxnAGORA4525	Diclofenac Acyl Glucuronide
rxnAGORA4526	Di-N-Desethylamiodarone (DDEA)
rxnAGORA4527	Di-N-Desethylamiodarone Glucuronide Conjugate (DDEA_Glc)
rxnAGORA4528	Desmethylastemizole
rxnAGORA4529	Desmethylastemozole Glucuronide
rxnAGORA4530	Digoxin
rxnAGORA4531	Digoxin 16-Glucuronide
rxnAGORA4532	Deleobuvir
rxnAGORA4533	Deleobuvir Glucuronide
rxnAGORA4534	5-O-Desmethyl Donepezil
rxnAGORA4535	6-O-Desmethyldonepezil
rxnAGORA4536	Donepezil Metabolite M11
rxnAGORA4537	Donepezil Metabolite M12
rxnAGORA4538	Donepezil Metabolite M13
rxnAGORA4539	Donepezil Metabolite M14
rxnAGORA4540	Donepezil Metabolite M9
rxnAGORA4541	Etravarine Dihydroxylated (M4, M5, M6)
rxnAGORA4542	Etravarine Dihydroxylated Glucuronide
rxnAGORA4543	Dihydroxyvoriconazole
rxnAGORA4544	Dihydroxyvoriconazole Glucuronide
rxnAGORA4545	Dextrorphan
rxnAGORA4546	Dextrorphan O-Glucuronide
rxnAGORA4547	Efavirenz
rxnAGORA4548	Efavirenz Glucuronide
rxnAGORA4549	Eltrombopag
rxnAGORA4550	Eltrombopag Glucuronide (M2)
rxnAGORA4551	Eltrombopag M3 (Glucuronide Conjugate)
rxnAGORA4552	Eltrombopag M4 (Glucuronide Conjugate)
rxnAGORA4553	estradiol
rxnAGORA4554	17beta-estradiol 3-glucosiduronic acid
rxnAGORA4555	estriol
rxnAGORA4556	16-Glucuronide-estriol
rxnAGORA4557	estrone
rxnAGORA4558	estrone 3-glucosiduronic acid
rxnAGORA4559	Ezetimibe
rxnAGORA4560	Ezetimibe Glucuronide
rxnAGORA4561	fluvastatin
rxnAGORA4562	fluvstatin-glucuronide
rxnAGORA4563	des-isopropyl-dihydro-fluvastatin-tetranor
rxnAGORA4564	des-isopropyl-dihydro-fluvastatin-tetranor-glucuronide
rxnAGORA4565	glucuronide-conjugate of 3-methoxy-acetaminophen
rxnAGORA4566	Galantamine
rxnAGORA4567	Galantamine Glucuronide
rxnAGORA4568	Gemfibrozil
rxnAGORA4569	Gemfibrozil 1-O-Beta-Glucuronide
rxnAGORA4570	Gemfibrozil M1 (4-Ring Hydroxylated Metabolite)
rxnAGORA4571	Gemfibrozil M2 (Benzyl Alcohol Metabolite)
rxnAGORA4572	Gemfibrozil M3 (Benzoic Acid Metabolite)
rxnAGORA4573	M3 Glucuronide
rxnAGORA4574	M2 Glucuronide
rxnAGORA4575	M1 Glucuronide
rxnAGORA4576	glucuronide-thiomethyl-acetaminophen conjugate
rxnAGORA4577	Hesperetin
rxnAGORA4578	Hesperetin 3,7-Diglucuronide
rxnAGORA4579	Hesperetin 3-O-Glucuronide (Aglycone Of Hesperidin)
rxnAGORA4580	Hesperetin 3-O-Sulfate
rxnAGORA4581	Hesperetin 3-O-Glucuronide 7-Sulfate
rxnAGORA4582	Hesperetin 7-O-Glucuronide (Aglycone Of Hesperidin)
rxnAGORA4583	Hesperetin 7-O-Sulfate
rxnAGORA4584	Hesperetin 7-O-Glucuronide 3-Sulfate
rxnAGORA4585	ibuprofen-S
rxnAGORA4586	ibuprofen acyl glucuronide
rxnAGORA4587	Indomethacin
rxnAGORA4588	Indomethacin Glucuronide
rxnAGORA4589	Indinavir
rxnAGORA4590	Indanyl Glucuronide M1
rxnAGORA4591	Isosorbide 5-Mononitrate
rxnAGORA4592	Isosorbide 5-Mononitrate 2-Beta-D-Glucuronide
rxnAGORA4593	Ketoprofen (2-(3-Benzoylphenyl)Propionic Acid)
rxnAGORA4594	Ketoprofen Glucuronide
rxnAGORA4595	Losartan-E3174/ losartan-M6
rxnAGORA4596	Losartan
rxnAGORA4597	Losartan-N1-glucuronide
rxnAGORA4598	Losartan-M4 (glucuronide derivative)
rxnAGORA4599	Losartan-N2-glucuronide / Losartan-M7
rxnAGORA4600	Midazolam
rxnAGORA4601	Midazolam Glucuronide
rxnAGORA4602	Midazolam-Glucuronide
rxnAGORA4603	Misonidazole
rxnAGORA4604	Misonidazole Glucuronide
rxnAGORA4605	Morphine
rxnAGORA4606	Morphine 3-Glucuronide
rxnAGORA4607	Morphine 6-Glucuronide
rxnAGORA4608	Metronidazole
rxnAGORA4609	Metronidazole Beta-D-Glucuronide
rxnAGORA4610	Nisoldipine (M5)
rxnAGORA4611	Nisoldipine (M5) Glucuronide
rxnAGORA4612	Norverapamil
rxnAGORA4613	Norverapamil Glucuronide
rxnAGORA4614	O-Desmethylepigalantamine
rxnAGORA4615	O-Desmethylepigalantamine Glucuronide
rxnAGORA4616	O-Desmethylgalantamine
rxnAGORA4617	O-Desmethylgalantamine Glucuronide
rxnAGORA4618	Etravarine Monohydroxylated (M1, M2, M3)
rxnAGORA4619	Etravarine Monohydroxylated Glucuronide (M7)
rxnAGORA4620	P-Hydroxyphenobarbital
rxnAGORA4621	Phenobarbital O-Glucuronide
rxnAGORA4622	p-hydroxyphenylpropionic acid
rxnAGORA4623	3-(3-Hydroxyphenyl)Propionate Glucuronide
rxnAGORA4624	Phenacetin Glucuronide
rxnAGORA4625	Probenecid
rxnAGORA4626	Probenecid Acyl Beta-D-Glucuronide
rxnAGORA4627	Prontosil Glucuronide
rxnAGORA4628	Propranolol
rxnAGORA4629	Propranolol Glucuronide
rxnAGORA4630	Paroxetine Mi
rxnAGORA4631	Paroxetine Mii
rxnAGORA4632	Paroxetine Mii Glucuronide
rxnAGORA4633	Paroxetine Mi Glucuronide
rxnAGORA4634	pitavastatin
rxnAGORA4635	pitavastatin-glucuronide
rxnAGORA4636	pravastatin
rxnAGORA4637	pravastatin glucuronide
rxnAGORA4638	Lactam N-Glucuronide Of R406
rxnAGORA4639	R529
rxnAGORA4640	Glucuronide R529
rxnAGORA4641	Regorafenib
rxnAGORA4642	regorafenib-N-ß-glucuronide
rxnAGORA4643	Repaglinide
rxnAGORA4644	Repaglinide Acyl-Beta-D-Glucuronide
rxnAGORA4645	SKF 104557  (N-Despropyl Ropinirole)
rxnAGORA4646	SKF 104557 Carbamyl Glucuronide
rxnAGORA4647	SKF 96990
rxnAGORA4648	SKF 96990 Glucuronide
rxnAGORA4649	Hydroxy Ropinirole
rxnAGORA4650	SKF 89124 Glucuronide
rxnAGORA4651	rosuvastatin
rxnAGORA4652	rosuvastatin-glucuronide
rxnAGORA4653	Sb-611855 (Intermediate Of M3)
rxnAGORA4654	Sb_Y (Intermediate Of M4)
rxnAGORA4655	SCH 488128
rxnAGORA4656	SCH 57871
rxnAGORA4657	SCH 57871 Glucuronide
rxnAGORA4658	Nw 1689 (N-Dealkylated Safinamide)
rxnAGORA4659	Nw 1689 Acyl Glucuronide
rxnAGORA4660	Sulfathiazole
rxnAGORA4661	Sulfathiazole Glucuronide
rxnAGORA4662	simvastatin-acyl-glucuronide
rxnAGORA4663	2-Sulfamoylacetylphenol
rxnAGORA4664	2-Sulfamoylacetylphenol Glucuronide
rxnAGORA4665	simvastatin dihydroxy acid form
rxnAGORA4666	SN-38
rxnAGORA4667	SN38 glucuronide
rxnAGORA4668	Sulfinpyrazone
rxnAGORA4669	Sulfinpyrazone Glucuronide
rxnAGORA4670	Sulfinpyrazone Sulfone
rxnAGORA4671	Sulfinpyrazone Sulfone Glucuronide
rxnAGORA4672	Sitagliptin
rxnAGORA4673	Sitagliptin M3 (Ether Glucuronide Conjugate Of A Hydroxylated Derivative)
rxnAGORA4674	Sitagliptin M4 (N-Carbomyl Glucuronide Conjugate)
rxnAGORA4675	N-(2-Methyl-3-Chlorophenyl)-Anthranilic Acid
rxnAGORA4676	Troglitazone
rxnAGORA4677	Troglitazone Glucuronide
rxnAGORA4678	thiomethyl-sulphoxide-conjugate-acetaminophen
rxnAGORA4679	Tolfenamic Acid
rxnAGORA4680	Tolfenamic Acid 1A
rxnAGORA4681	Tolfenamic Acid 1B
rxnAGORA4682	Tolfenamic Acid 1X
rxnAGORA4683	Tolfenamic Acid 2
rxnAGORA4684	Tolfenamic Acid 2A
rxnAGORA4685	Tolfenamic Acid 3
rxnAGORA4686	Tolfenamic Acid 4
rxnAGORA4687	N-(2-Hydroxymethyl-3-Chlorophenyl)-Anthranilic Acid
rxnAGORA4688	N-(2-Hydroxymethyl-3-Chloro-4-Hydroxyphenyl)-Anthranilic Acid
rxnAGORA4689	N-(2-Formyl-3-Chlorophenyl) Anthranilic Acid
rxnAGORA4690	N-(2-Methyl-3- Chloro-4-Hydroxyphenyl)-Anthranilic Acid
rxnAGORA4691	Tolfenamic Acid M4A
rxnAGORA4692	N-(2-Methyl-3-Chloro-5-Hydroxyphenyl)-Anthranilic Acid
rxnAGORA4693	Tolfenamic Acid M5A
rxnAGORA4694	Tolfenamic Acid M5B
rxnAGORA4695	N-(2-Carboxy-3-Chlorophenyl)-Anthranilic Acid
rxnAGORA4696	N-(2-Methyl-3-Chloro-4-Metoxyphenyl)-Anthranilic Acid
rxnAGORA4697	Telmisartan
rxnAGORA4698	Telmisartan Glucuronide
rxnAGORA4699	thiomethyl-conjugate-acetaminophen
rxnAGORA4700	Tolcapone 
rxnAGORA4701	Tolcapone N-Acetyl Amino Metabolite
rxnAGORA4702	Tolcapone N-Acetyl Amino Glucuronide
rxnAGORA4703	Tolcapone Amine Derivative
rxnAGORA4704	Tolcapone Amine Glucuronide
rxnAGORA4705	Tolcapone 3-Beta-D-Glucuronide
rxnAGORA4706	Tempol 1-O-Glucuronide And 4-O-Glucoside
rxnAGORA4707	Tempol 4-O-Glucoside
rxnAGORA4708	Tempol 4-O-Glucuronide
rxnAGORA4709	Tempol Hydroxylamine
rxnAGORA4710	thiomethyl-sulphoxide-acetaminophen-glucuronide
rxnAGORA5078	Deoxycytidine
rxnAGORA5079	Deoxyguanosine
rxnAGORA5080	Deoxyinosine
rxnAGORA5081	Deoxyuridine
rxnAGORA5113	L-Fucose 1-phosphate
rxnAGORA5114	D-Glucose 6-phosphate
rxnAGORA5115	D-Mannose 6-phosphate
rxnAGORA5210	Erythritol
rxnAGORA5216	L-Lyxose
rxnAGORA5223	Glycine
rxnAGORA5239	5-Methyltetrahydrofolate
rxnAGORA5240	protein-linked serine or threonine residue (O-glycosylation site)
rxnAGORA5241	T antigen (core 1)
rxnAGORA5242	Tn antigen
rxnAGORA5243	N-acetyl-D-galactosamine
rxnAGORA5244	Core 2
rxnAGORA5245	Core 3
rxnAGORA5246	Core 4
rxnAGORA5247	Core 5
rxnAGORA5248	Core 6
rxnAGORA5249	Core 7
rxnAGORA5250	Core 8
rxnAGORA5251	disialyl-T antigen
rxnAGORA5252	F1alpha
rxnAGORA5253	GlcNAc-alpha-1,4-Core 1
rxnAGORA5254	GlcNAc-alpha-1,4-Core 2
rxnAGORA5255	sialyl-T antigen
rxnAGORA5256	sialyl-Tn antigen
rxnAGORA5257	5,6,7,8-Tetrahydrofolate
rxnAGORA5286	Reduced glutathione
rxnAGORA5287	Siroheme
rxnAGORA5310	Brivudine
rxnAGORA5311	(E)-5-(2-Bromovinyl)Uracil
rxnAGORA5312	1,4-Dihydroxy-2-naphthoate
rxnAGORA5313	Sorivudine
rxnAGORA5342	2-Oxobutanoate
rxnAGORA5356	Isobutyrate, 2-Methylpropanoate
rxnAGORA5357	Isocaproate
rxnAGORA5358	octadecenoate (n-C18:1)
rxnAGORA6178	Phenol
rxnAGORA6203	Methanethiol
rxnAGORA6261	cardiolipin (12-methyl-tetradecanoyl, anteiso-C15)
rxnAGORA6262	3-Dehydrochenodeoxycholate
rxnAGORA6263	3-Dehydrocholate
rxnAGORA6278	Kestose (2 fru, 1 glc inulin-type fructo-oligosaccharide)
rxnAGORA6279	Kestopentaose (4 fru, 1 glc inulin-type fructo-oligosaccharide)
rxnAGORA6280	Kestotetraose (3 fru, 1 glc inulin-type fructo-oligosaccharide)
rxnAGORA6281	L-Sorbose
rxnAGORA6282	Xylooligosaccharide, xylotetraose
rxnAGORA6293	5,6-Dimethylbenzimidazole
rxnAGORA6298	12-Dehydrocholate
rxnAGORA6299	5,6-Dihydro-5-fluorouracil
rxnAGORA6302	L-homoserine
rxnAGORA6314	N-acetyl-D-mannosamine
rxnAGORA6549	Isocitrate
rxnAGORA6569	L-Sorbitol (iMM904)
rxnAGORA6647	R_R__2_3_Butanediol
rxnAGORA6687	cardiolipin (12-methyl-tridecanoyl, iso-C14)
rxnAGORA6761	pectins
rxnAGORA6781	L-arabinitol
rxnAGORA6783	glycolate
rxnAGORA6801	Phosphonate
rxnAGORA6821	D-Malate
rxnAGORA6853	Protoheme
rxnAGORA6854	Dimer GalNAc-GlcA
rxnAGORA6855	Dimer GalNAc-IdoA
rxnAGORA6856	Dimer GalNAc-IdoA2S
rxnAGORA6857	Larch arabinogalactan
rxnAGORA6858	chondroitin sulfate A (GalNAc4S-GlcA) proteoglycan
rxnAGORA6859	Dimer GalNAc4S-GlcA
rxnAGORA6860	Not degradable product CSABCPASE_A/B, Gal4S-Gal-Xyl-L-Ser-protein
rxnAGORA6861	chondroitin sulfate B / dermatan sulfate (IdoA2S-GalNAc4S) proteoglycan
rxnAGORA6862	Dimer GalNAc4S-IdoA2S
rxnAGORA6863	chondroitin sulfate C (GalNAc6S-GlcA) proteoglycan
rxnAGORA6864	Dimer GalNAc6S-GlcA
rxnAGORA6865	Not degradable product CSABCPASE_C, Gal6S-Gal-Xyl-L-Ser-protein
rxnAGORA6866	hyaluronan
rxnAGORA6867	hyaluronan degradation product 1
rxnAGORA6868	hyaluronan biosynthesis, precursor 1
rxnAGORA6869	Homogalacturonan, 100 galacturonate residues. Assumed to be methylated/ acetylated in every 5th residue. Citrus HG consists of 7... <Preview truncated at 128 characters>
rxnAGORA6870	L-iduronate
rxnAGORA6871	Pectic galactan (potato), gal: arab-L: rmn: galur = 78: 9: 4: 9 (www.megazyme.com). Assumed to consist of 100 sugars per macromo... <Preview truncated at 128 characters>
rxnAGORA6872	Potato rhamnogalacturonan I, MW assumed ~200000, 62 galur, 20 rmn, 12 gal, 3 arab-L, 1 xyl-D (www.megazyme.com, PMID: 16661590)
rxnAGORA6937	Amylopectin, 900 repeat units
rxnAGORA6938	amylose (n=300 repeat units, alpha-1,4-glc)
rxnAGORA6939	Arabinan
rxnAGORA6940	Arabinoxylan
rxnAGORA6941	beta-glucans
rxnAGORA6942	Carob galactomannan
rxnAGORA6943	Glucosamine 2,6-sulfate
rxnAGORA6944	Konjac glucomannan
rxnAGORA6945	heparan sulfate proteoglycan
rxnAGORA6946	Heparan sulfate degradation product 1
rxnAGORA6947	Heparan sulfate degradation product 10
rxnAGORA6948	Heparan sulfate degradation product 11
rxnAGORA6949	Heparan sulfate degradation product 12
rxnAGORA6950	Heparan sulfate degradation product 13
rxnAGORA6951	Heparan sulfate degradation product 14
rxnAGORA6952	Heparan sulfate degradation product 15
rxnAGORA6953	Heparan sulfate degradation product 2
rxnAGORA6954	Heparan sulfate degradation product 3
rxnAGORA6955	Heparan sulfate degradation product 4
rxnAGORA6956	Heparan sulfate degradation product 5
rxnAGORA6957	Heparan sulfate degradation product 6
rxnAGORA6958	Heparan sulfate degradation product 7
rxnAGORA6959	Heparan sulfate degradation product 8
rxnAGORA6960	Heparan sulfate degradation product 9
rxnAGORA6961	Undegradable product Heparan sulfate
rxnAGORA6962	Levan, 1000 fructose units
rxnAGORA6963	Levanbiose
rxnAGORA6964	Levantriose
rxnAGORA6965	Levantetraose
rxnAGORA6966	Lichenin from Icelandic moss
rxnAGORA6967	Laminaribiose
rxnAGORA6968	laminarin (n=30 repeat units, beta -1,3 glc)
rxnAGORA6969	Xyloglucan
rxnAGORA7042	xanthosine
rxnAGORA7052	trans-4-hydroxy-L-proline
rxnAGORA7053	Isochenodeoxycholate
rxnAGORA7054	Isocholate
rxnAGORA7072	lithocholate
rxnAGORA7073	Dimethylamine
rxnAGORA7108	2-o-methylfucose (rare sugar in rhamnogalacturonan II)
rxnAGORA7109	2-O-methylxylose (rare sugar in rhamnogalacturonan II)
rxnAGORA7110	3-deoxy-d-lyxo-heptulosaric acid (rare sugar in rhamnogalacturonan II)
rxnAGORA7111	Valeric Acid
rxnAGORA7112	Aceric acid (3-C-carboxy-5-deoxy-l-xylose) (rare sugar in rhamnogalacturonan II)
rxnAGORA7113	Alginic acid, polymer of (LGulA)3 (ManA)3
rxnAGORA7114	D-Apiose (rare sugar in rhamnogalacturonan II)
rxnAGORA7115	n-butylamine
rxnAGORA7116	L-Guluronic acid
rxnAGORA7117	3-Deoxy-D-manno-2-octulosonate
rxnAGORA7118	Alpha-mannan, yeast, has a MW of about 25000 (PMID: 5461381), equals ~ 140 mannose units. ID according to iMM904
rxnAGORA7119	D-Mannuronic acid
rxnAGORA7120	L-Norvaline
rxnAGORA7121	2-phenylethanamine
rxnAGORA7122	D-Psicose
rxnAGORA7123	Wine rhamnogalacturonan II, MW ~ 5-10 kDa, 37% galur, 16% rmn, 3% fuc-L, 11% arab-L, 6% gal, 5% glcur, 4% 2omfuc, 3% 2omxyl, 6% ... <Preview truncated at 128 characters>
rxnAGORA7124	Tyramine
rxnAGORA7152	Reduced riboflavin
rxnAGORA7162	dTTP
rxnAGORA7164	Galactan (ECMDB21653)
rxnAGORA7189	Isochorismate
rxnAGORA7199	Bicarbonate
rxnAGORA7210	adenosine 3,5-bismonophosphate(4-)
rxnAGORA7234	Menaquinol 7
rxnAGORA7235	Menaquinol 8
rxnAGORA7236	taurolithocholate
rxnAGORA7237	glycolithocholate
rxnAGORA7238	Glycodeoxycholic Acid
rxnAGORA7239	Isomaltose,  Brachiose
rxnAGORA7240	methylammonium
rxnAGORA7241	Resistant starch
rxnAGORA7256	D-Galactosamine
rxnAGORA7285	Propane-1,3-diol
rxnAGORA7289	Menaquinone 7
rxnAGORA7290	Menaquinone 8
rxnAGORA7291	Protoheme
rxnAGORA7292	Ubiquinone-8
rxnAGORA7297	Cellotetrose
rxnAGORA7298	linoleate
rxnAGORA7505	Chitin
rxnAGORA7511	butanol
rxnAGORA7512	1-Propanol
rxnAGORA7541	Nicotinamide adenine dinucleotide phosphate
rxnAGORA7668	O-Succinylbenzoyl-CoA
rxnAGORA7669	Sulfite
rxnAGORA7693	alpha-linolenate
rxnAGORA7694	gamma-linolenate
rxnAGORA7706	Thiamin
rxnAGORA7716	Tetrathionate
rxnAGORA7747	D-Glutamate
rxnAGORA7756	AMP
rxnAGORA7757	Coenzyme A
rxnAGORA7758	GTP
rxnAGORA7773	CMP
rxnAGORA7774	Hydrogen peroxide
rxnAGORA7803	N,N-diacetylchitobiose
rxnAGORA7810	dATP
rxnAGORA7817	L-Idonate
rxnAGORA7851	trans-Cinnamate
rxnAGORA7880	2-methylbutyrate
rxnAGORA7881	5-Aminopentanoate
rxnAGORA7882	Ursodiol
rxnAGORA7883	Allodeoxycholic acid
rxnAGORA7884	Allolithocholic acid
rxnAGORA7885	Indole-3-propionate
rxnAGORA7911	acetone
rxnAGORA7921	Isopropanol
rxnAGORA7946	indole-3-acetate
rxnAGORA7954	Indolelactate
rxnAGORA7955	(R)-3-(4-Hydroxyphenyl)propionate
rxnAGORA7983	Skatole, methylindole
rxnAGORA7998	2-Oxobutanoate
rxnAGORA8014	4-Methylcatechol
rxnAGORA8039	choloyl-CoA(4-)
rxnAGORA8040	chenodeoxycholoyl coenzyme a
rxnAGORA8041	Ursodeoxycholoyl-CoA
rxnAGORA8050	L-cystine
rxnAGORA8053	Histamine
rxnAGORA8075	xylitol
rxnAGORA8079	spermine(4+)
rxnAGORA8088	(S)-2-Aminobutanoate
rxnAGORA8106	Ursocholate
rxnAGORA8112	1,4-Dihydroxy-2-naphthoyl-CoA
rxnAGORA8215	m-Tyramine
rxnAGORA8223	Digitoxin
rxnAGORA8224	20,22-Dihydrodigitoxin
rxnAGORA8225	Dihydrodigoxin
rxnAGORA8279	Shikimate
rxnAGORA8333	glycine betaine
rxnAGORA8334	formaldehyde
rxnAGORA8335	D-Fructuronate
rxnAGORA8336	D-Tagaturonate
rxnAGORA8452	Choline sulfate
rxnAGORA8463	Polysulfide
rxnAGORA8464	Thiamine diphosphate
rxnAGORA8470	R total 2 position
rxnAGORA8492	N-Methyl-2-oxoglutaramate
rxnAGORA8493	mucolactone
rxnAGORA8539	Coprostanol
rxnAGORA8551	2-Succinyl-6-hydroxy-2,4-cyclohexadiene-1-carboxylate
rxnAGORA8555	5-Deoxyadenosine
rxnAGORA8655	Cobinamide
rxnAGORA8678	Methane
rxnAGORA8712	D-Allose
rxnAGORA8742	dGTP
rxnAGORA8743	triphosphate(5-)
rxnAGORA8815	5-Amino-4-oxopentanoate
rxnAGORA8816	Enterochelin
rxnAGORA8817	Fe-enterobactin
rxnAGORA8974	UDP-D-glucuronate
rxnAGORA8996	Ornithine
rxnAGORA9055	choline phosphate(1-)
rxnAGORA9093	1,2-Ethanediol
